Name,RA,Dec,l,b,Peak mag,Peak time,Disc date,Type,PS prob,Redshift,MW E(B-V)
10AYSEaow,54.8165922982405,-2.1203232388578104,188.32890444021817,-42.70727800352503,18.532335281372102,2018-11-09 08:05:50.997000,2020-01-24 00:00:00,None,,,0.07200000000000001
10AYSEapm,136.326398167959,-6.94198628280753,236.26388683864286,25.599549202925385,19.2438926696777,2019-01-11 11:10:27.002000,2020-01-24 00:00:00,None,,,0.036000000000000004
10AYSEaut,113.427268367243,39.0569780567069,179.92597564128425,24.45999702658156,18.869026184082,2019-04-14 04:56:26.002000,2020-01-26 00:00:00,None,,,0.051
10AYSEake,135.514273840648,47.082282511107906,172.74710375245718,41.37112875287739,19.4300556182861,2018-12-16 12:14:01,2020-01-22 00:00:00,None,,,0.017
10AYSEakx,196.59790346537102,2.9762758397126206,311.9952785802751,65.58453742356365,19.2906475067139,2019-07-12 04:07:20.997000,2020-01-23 00:00:00,None,,,0.023
10AYSEaen,209.266705571595,34.6105482152063,64.97362228290964,74.08237837343094,19.408649444580103,2019-06-26 04:38:00.997000,2020-01-18 00:00:00,None,,,0.013000000000000001
10AYSEaqi,50.2202664013999,-4.71562928939167,187.46494190039928,-47.943223400385484,20.3024082183838,2019-07-30 11:39:57.001000,2020-01-24 00:00:00,None,,,0.028999999999999998
2020bhv,29.8519791666667,37.5127527777778,137.56498672643454,-23.420028914349782,18.84157371521,2019-08-29 09:54:02.998000,2020-01-16 02:38:13,None,0.002,,0.048
2020bbx,207.6507875,72.7140166666667,116.9073147303241,43.71545919046015,18.7566738128662,2019-08-10 04:33:10.996000,2020-01-26 07:51:44,None,0.027000000000000003,,0.0181
2020ayo,105.40607083333299,47.780158333333304,169.05557853731764,21.362130317122997,19.8162784576416,2019-10-28 11:13:28.001000,2020-01-26 06:00:18,None,,,0.0629
10AYSEaur,116.48411783470699,42.1945628226814,177.19017766127826,27.489205450935913,18.8492698669434,2019-11-06 12:40:19.001000,2020-01-26 00:00:00,None,,,0.05
2019aaad,140.638670898293,30.9335896319087,195.11559860838528,44.59329001644342,20.17,2019-11-25 15:05:45,2020-01-19 00:00:00,None,,,0.017
2019aaae,113.411788448385,41.760625209820006,177.05111146179593,25.167840894190842,19.84,2019-11-26 13:04:48,2020-01-19 00:00:00,None,,,0.044000000000000004
2019aaav,119.78184794839899,37.9564591455385,182.5217692763739,28.993929917954304,20.9,2019-11-26 13:10:33,2020-01-26 00:00:00,None,,,0.038
2019aaba,150.54988579577102,-11.609176001294301,250.6205418526158,33.56885760477324,20.13,2019-12-12 14:03:50,2020-01-24 00:00:00,None,,,0.059000000000000004
2019wyp,196.65457768723599,16.591372407653697,322.1558097833659,78.89237435000777,18.6,2019-12-11 13:14:52,2020-01-26 00:00:00,SN Ia,,0.081,0.022000000000000002
2019aaaz,153.475767010088,6.568960933501541,234.4326481576623,47.35221242309659,20.33,2019-12-20 15:00:00,2020-01-17 00:00:00,None,,,0.022000000000000002
2020bbu,220.0400875,78.2930777777778,116.23332494898493,37.38302700066017,19.4372119903564,2019-12-29 13:25:11.001000,2020-01-26 08:55:25,None,0.004,,0.0272
2019ytz,158.70536447164102,-3.75044397448694,250.74452021725727,44.836709373327956,20.2611,2019-12-24 14:54:14,2020-01-21 00:00:00,None,,,0.043
2019yfu,191.40151329698298,1.1836433557886599,299.6031470000105,64.01769142314114,18.6113014221191,2019-12-27 12:36:00,2020-01-19 00:00:00,SN Ia,,0.0845,0.017
10AYSEaex,196.26757449851897,4.75616190189134,311.79733329321544,67.39295655340219,19.7246532440186,2020-01-04 13:07:30,2020-01-19 00:00:00,None,,,0.027999999999999997
2020ej,241.696375907727,20.5380083278379,35.46425456131113,45.115705612461575,18.9164,2020-01-04 12:37:06,2020-01-20 00:00:00,None,,,0.065
2020rw,194.003992997331,-0.0543824937101441,305.43601139015163,62.795104192692435,19.5112152099609,2020-01-02 12:30:22,2020-01-22 00:00:00,None,,,0.02
2020awl,267.413508333333,62.1946166666667,91.32243002264121,30.924091562697765,19.823383331298803,2020-01-05 12:47:12.002000,2020-01-25 13:18:46,None,0.002,,0.0285
2019zag,128.194047090505,50.3916175305548,168.68496604970676,36.44788555116796,18.792425155639602,2019-12-29 11:27:29,2020-01-25 00:00:00,None,,,0.034
2020anm,193.137224602606,-5.53300148618299,303.4441759704901,57.33764109282139,19.684627532959002,2020-01-02 13:01:52.997000,2020-01-22 00:00:00,None,,,0.032
2020akk,147.426391666667,61.505744444444396,151.29650911286066,44.32269767715681,19.040943145752,2019-12-29 11:44:52.999000,2020-01-20 12:18:43,None,0.006,,0.0205
2020oa,197.372726156036,7.54537070505943,316.08693929199154,69.95468485074477,19.0720310211182,2020-01-04 13:07:30,2020-01-19 00:00:00,None,,,0.026000000000000002
2020zt,90.9984625,57.1303611111111,156.56694138727244,16.48142956490135,19.3827266693115,2020-01-13 04:55:56.997000,2020-01-16 03:37:09,None,0.025,,0.115
2020adc,162.700764040444,-3.46398611273387,254.66456044555005,47.77911215819901,19.04,2020-01-13 07:39:02,2020-01-17 00:00:00,None,,,0.032
2020bgu,125.145029166667,52.4036166666667,166.20298278639075,34.55508085224882,20.042955398559602,2020-01-01 11:39:32.999000,2020-01-26 11:08:09,None,,,0.0369
2020hr,139.623773122733,28.1416273572378,198.70419712117246,43.2178834648317,17.8158054351807,2020-01-01 10:20:28,2020-01-19 00:00:00,SN Ia,,0.0821,0.02
2020yf,125.013845833333,78.82782222222221,134.99372838707268,30.821902492162103,16.1256542205811,2018-11-12 08:17:31.001000,2020-01-15 03:53:49,None,,,0.025
2020yp,54.939295833333304,27.7348472222222,162.6611196150991,-21.867572781951946,20.94,2020-01-15 07:00:28,2020-01-15 07:00:28,None,0.0,,0.19
2020yu,217.90435833333302,77.3892444444445,116.15993734986544,38.390802803754674,19.22,2020-01-15 09:59:12,2020-01-15 09:59:12,None,,,0.0272
2020zi,204.33692916666698,61.986058333333304,113.71291726846047,54.31281092511053,19.665,2020-01-15 10:44:59,2020-01-15 10:44:59,None,,,0.0129
2020ajc,10.3743,-20.9797805555556,102.15395867065443,-83.4467025481842,19.151418685913104,2020-01-16 02:31:43,2020-01-19 06:04:19,None,,,0.0166
2020aaq,25.7087958333333,44.4021416666667,132.52236500374076,-17.510393921295,19.7507,2020-01-16 02:38:52,2020-01-16 02:38:52,None,0.20800000000000002,,0.0703
2020age,33.6232208333333,34.4451527777778,141.80937237863628,-25.36371062306581,18.3480815887451,2020-01-16 03:25:19,2020-01-16 03:25:19,None,0.7070000000000001,,0.0742
2020aas,17.196875,21.6623277777778,128.27817041272522,-41.02925000461992,20.1380634307861,2020-01-16 03:29:17,2020-01-16 03:29:17,None,0.054000000000000006,,0.051
2020aba,111.3838375,40.7704,177.64709547378365,23.433242834033873,20.0719,2020-01-16 04:41:56,2020-01-16 04:41:56,None,0.009000000000000001,,0.0576
2020abb,117.743016666667,47.8911166666667,171.01896556109747,29.443566150614668,19.8141,2020-01-16 04:43:16,2020-01-16 04:43:16,None,0.034,,0.0451
2020abc,123.466345833333,40.7955861111111,179.9424568768257,32.347677588561886,20.1602897644043,2020-01-16 05:16:19,2020-01-16 05:16:19,None,0.004,,0.0413
2020aau,107.148345833333,37.1552083333333,180.22581495991574,19.17472745803197,20.4167,2020-01-16 03:54:28,2020-01-16 03:54:28,None,0.1,,0.057
2020abo,101.954179166667,38.378425,177.47559606614885,15.787806367759519,20.2479,2020-01-16 05:18:23,2020-01-16 05:18:23,None,,,0.1092
2020aat,98.60968333333331,50.68572777777779,164.59884923704678,18.119559698251336,20.3306503295898,2020-01-16 03:43:24,2020-01-16 03:43:24,None,0.059000000000000004,,0.11199999999999999
2020ahv,101.93544583333299,59.4868444444444,156.31321434045375,22.677794885870266,20.473876953125,2020-01-16 04:00:18,2020-01-16 04:00:18,None,,,0.0495
2020abp,131.995254166667,25.896811111111102,199.40818785244835,36.08302751669103,20.6571884155273,2020-01-16 05:36:06,2020-01-16 05:36:06,None,0.005,,0.0325
2020ati,162.01675,39.3909305555556,179.43400054665008,61.631761833703834,19.5240211486816,2020-01-16 08:14:34,2020-01-16 08:14:34,None,,,0.0111
2020abg,154.105779166667,42.093258333333296,177.31823807950607,55.153762758117075,19.896390914917,2020-01-16 10:10:52,2020-01-16 10:10:52,None,0.021,,0.0117
2020aao,252.6693625,71.0838138888889,102.87698497907365,35.20098810969776,19.46,2020-01-16 11:13:19,2020-01-16 11:13:19,None,,,0.0293
2020bgq,254.5056625,68.0568111111111,99.10272656471645,35.51357389602693,19.797,2020-01-16 11:13:20,2020-01-16 11:13:20,None,0.0,,0.0326
10AYSEadc,141.532989583982,34.8064993309965,189.78434632339304,45.80030748043166,19.5677,2020-01-16 11:19:05.441000,2020-01-16 00:00:00,None,0.035,,0.017
10AYSEadd,141.532958263462,34.8064910505094,189.78435514757678,45.80028117312637,19.5677,2020-01-16 11:19:05.441000,2020-01-16 00:00:00,None,0.035,,0.017
2020aov,180.898894293978,21.1307072054912,239.16409301161514,77.5552442923459,19.9390487670898,2019-12-29 13:05:12.002000,2020-01-23 00:00:00,None,,,0.023
10AYSEadn,151.45509824043,2.8073845886132096,237.21415911977004,43.557101542798385,20.1359,2020-01-17 11:36:40.526000,2020-01-17 00:00:00,None,,,0.024
2020abm,151.678004637058,3.17597526381235,236.97862526035019,43.952661887913486,19.4634,2020-01-16 07:39:40,2020-01-17 00:00:00,None,,,0.018000000000000002
2020ade,156.634218821299,3.60003216386547,240.75238170228118,48.173550353404444,20.8136,2020-01-01 14:42:43,2020-01-17 00:00:00,None,,,0.03
10AYSEadu,157.100051744496,-4.44906665261001,249.86332730191086,43.208670303198886,19.6761,2020-01-17 11:44:52.345000,2020-01-17 00:00:00,None,,,0.0346
10AYSEadr,157.086033843921,-1.3535432710532,246.70762288367104,45.32495727216928,19.9214,2020-01-17 11:45:29.887000,2020-01-17 00:00:00,None,,,0.0435
10AYSEadi,132.880680557179,-5.28044266875003,232.65407066330656,23.667293988036665,20.0312,2020-01-17 11:52:09.704000,2020-01-17 00:00:00,None,,,0.0152
10AYSEadl,141.440492436105,-6.6010580143630095,239.29074541759664,29.92841847401786,20.1763,2020-01-17 11:54:43.276000,2020-01-17 00:00:00,None,,,0.0273
10AYSEadh,140.32492031779898,-6.027523607978849,238.00439958479427,29.372820693208443,19.854,2020-01-17 11:54:43.276000,2020-01-17 00:00:00,None,,,0.0247
10AYSEadj,139.304463473186,-5.195150619202209,236.55291545584822,29.028039881772916,20.0304,2020-01-17 11:54:43.276000,2020-01-17 00:00:00,None,,,0.0291
2020aqz,133.119919095272,-6.712221675756121,234.10323381817213,23.086617745924784,20.22,2020-01-17 11:55:40,2020-01-24 00:00:00,None,,,0.021
10AYSEadg,140.78745498708798,23.6689340583118,205.00559789209277,43.163850501013755,16.5965,2019-01-08 11:02:44.002000,2020-01-17 00:00:00,None,,,0.031
2020aet,165.9858,73.5287138888889,132.7821108324517,41.48026562119881,20.3167743682861,2020-01-18 08:40:35,2020-01-18 08:40:35,None,0.001,,0.0375
2020ahs,172.79002083333302,58.228236111111094,141.72037905463444,55.87461690609766,19.8756504058838,2020-01-15 10:26:14,2020-01-15 10:26:14,None,0.0,,0.0118
2020bcx,152.186325,23.3632222222222,209.5409299762906,53.1762364715252,20.213687896728498,2020-01-18 08:52:00.998000,2020-01-23 14:05:16,None,,,0.0244
2020agt,116.9488625,28.6654333333333,191.76541325023757,24.13156080227766,21.3342,2020-01-18 09:06:00,2020-01-18 09:06:00,None,0.006999999999999999,,0.027000000000000003
2020aed,162.722954166667,49.005275,161.49939012876985,58.110805169757654,19.6386661529541,2020-01-16 07:44:33,2020-01-16 07:44:33,None,,,0.015
2020afc,151.715833333333,39.3473138888889,182.51416434618253,53.84195037764983,20.5329,2020-01-18 09:25:49,2020-01-18 09:25:49,None,0.003,,0.0136
2020aec,135.322358333333,53.6103527777778,164.15961238622913,40.57753290308618,19.3603916168213,2020-01-16 05:42:00,2020-01-16 05:42:00,None,,,0.0116
2020aeu,161.5726625,62.9714694444444,143.90367094753864,48.747227351329485,20.2895545959473,2020-01-18 08:41:16,2020-01-18 08:41:16,None,0.002,,0.0065
2020aev,168.378883333333,51.5328222222222,153.37123266558328,59.41555150880797,19.8632774353027,2020-01-18 08:44:43,2020-01-18 08:44:43,None,,,0.0121
2020aew,168.079566666667,56.316325,147.3943455335354,55.85050361653061,19.956956863403303,2020-01-18 08:44:43,2020-01-18 08:44:43,None,0.008,,0.0071
2020alr,110.745645833333,53.996475,163.37185596312983,26.146216057130324,18.785,2020-01-14 05:08:38,2020-01-18 10:55:12,None,0.187,,0.0663
2020afh,270.420225,57.3382444444444,85.80881579220056,29.165894766589908,19.7078914642334,2020-01-18 12:51:35,2020-01-18 12:51:35,None,0.0,,0.0436
10AYSEaef,186.096294199474,16.452819857629997,271.1379145896674,77.62150836369986,19.5429,2020-01-01 12:04:35.003000,2020-01-18 00:00:00,None,,,0.022000000000000002
2020pf,186.51957282564499,12.4599026196224,279.6429044287848,74.17373270419493,18.7974,2020-01-05 12:06:43.998000,2020-01-18 00:00:00,None,,,0.027000000000000003
10AYSEaeg,169.32472627264602,13.3093635702162,240.3925341082865,64.02863563053496,19.5694,2020-01-18 13:42:56.427000,2020-01-18 00:00:00,None,,,0.0234
10AYSEaeh,174.945732566787,10.492795499046,254.10808345689162,66.30833282769964,19.0137,2020-01-18 13:43:33.662000,2020-01-18 00:00:00,None,,,0.0333
2020ael,273.933254166667,61.5688611111111,90.80374913083438,27.82249359721111,18.57,2020-01-18 12:50:55,2020-01-18 12:50:55,None,0.0,,0.0352
2020aen,258.08355833333303,63.4018972222222,93.14666616791035,35.079695690025694,19.09,2020-01-18 12:52:14,2020-01-18 12:52:14,None,0.0,,0.027000000000000003
10AYSEahb,151.620624305439,-8.4628832174825,248.72482378960487,36.50186527070577,20.5375,2020-01-18 13:58:08.408000,2020-01-20 00:00:00,None,0.0,,0.0442
2020akd,10.0863333333333,41.763999999999996,120.71571037322464,-21.06000981279683,18.6,2020-01-18 15:09:19,2020-01-18 15:09:19,None,0.009000000000000001,,0.0625
10AYSEaeo,202.438385493859,35.383291846426296,80.56748853339843,78.38481519857984,20.297,2020-01-18 15:32:58.444000,2020-01-18 00:00:00,None,,,0.011000000000000001
10AYSEaem,206.153560850946,31.0102979676418,54.56821768853353,77.7591217766147,17.6889,2020-01-18 15:33:40.388000,2020-01-18 00:00:00,None,,,0.0116
10AYSEaep,208.97194451515202,34.6778117181062,65.55992623094697,74.27675572119033,19.8833,2020-01-18 15:35:37.176000,2020-01-18 00:00:00,None,,,0.0115
10AYSEael,208.96395602556498,34.755145032483505,65.82955855773409,74.2507549457768,20.0784,2020-01-18 15:35:37.176000,2020-01-18 00:00:00,None,,,0.0121
2020aor,202.735006632154,31.658840276667398,63.06635732111159,80.28199484505562,20.52,2020-01-18 15:36:00,2020-01-23 00:00:00,None,,,0.01
10AYSEaho,202.99704285783,34.1897016221718,74.43449072970948,78.79010664978672,20.6132,2020-01-18 15:36:57.903000,2020-01-21 00:00:00,None,,,0.011000000000000001
10AYSEaek,216.675813691493,41.0234452011263,74.42258067135064,66.0019884908664,18.156,2020-01-18 15:41:57.386000,2020-01-18 00:00:00,None,,,0.0102
10AYSEaej,219.81463771474097,40.803036305362205,71.53145230973082,63.95703696939026,19.5424,2020-01-18 15:43:12.796000,2020-01-18 00:00:00,None,,,0.011000000000000001
10AYSEaei,219.863271361954,40.7280892241969,71.3415268349414,63.95261460578936,19.6205,2020-01-18 15:43:12.796000,2020-01-18 00:00:00,None,,,0.0109
10AYSEaeq,223.00064835826697,41.9512223206876,71.86492176322926,61.3095733849144,20.2223,2020-01-18 15:44:28.680000,2020-01-18 00:00:00,None,,,0.0164
2020ahu,38.2093875,45.2289583333333,141.04104008505888,-14.04756760066894,19.4321613311768,2020-01-15 03:09:02,2020-01-15 03:09:02,None,,,0.0866
2020afz,11.208541666666699,43.8698416666667,121.67334014433537,-18.985767513142736,18.7407169342041,2019-07-01 10:51:10.996000,2020-01-18 07:30:43,None,,,0.076
2020ahq,97.75585833333331,59.107761111111095,156.02906587177526,20.526901069977807,20.3751182556152,2020-01-16 04:06:31,2020-01-16 04:06:31,None,0.084,,0.0561
2020ahg,102.55317916666701,60.811619444444396,155.0072104181509,23.31357857768654,19.6059341430664,2020-01-16 04:00:18,2020-01-16 04:00:18,None,0.054000000000000006,,0.0594
2020ahp,117.96185416666701,46.8981972222222,172.17161456839335,29.431080598997525,19.647878646850604,2020-01-16 04:43:16,2020-01-16 04:43:16,None,0.033,,0.0632
2020ajj,35.726179166666704,21.0503777777778,149.93091245545833,-36.97992694694183,20.81,2020-01-19 06:41:45,2020-01-19 06:41:45,None,0.0,,0.1015
2020bhn,145.26510416666702,34.0517888888889,191.2231551459837,48.815873040447784,20.0879726409912,2020-01-16 07:41:43,2020-01-16 07:41:43,None,,,0.0112
2020bhm,145.258679166667,34.128441666666696,191.1064696765088,48.81536384283028,20.0529727935791,2020-01-16 07:41:43,2020-01-16 07:41:43,None,,,0.011000000000000001
2020aik,128.5773125,31.302988888888898,192.07194636570233,34.53398948917532,20.019596099853498,2020-01-19 09:05:45,2020-01-19 09:05:45,None,,,0.0439
2020apt,125.401733333333,52.7036305555556,165.8401759779002,34.71400890233923,20.5684127807617,2020-01-16 04:46:07,2020-01-16 04:46:07,None,0.0,,0.052000000000000005
2020abw,153.23636424563,6.787800266370599,233.9701579037889,47.274065720108545,19.584602355957,2020-01-04 10:31:49,2020-01-17 00:00:00,None,,,0.02
2020ale,134.775625,58.12482222222221,158.4288903855805,39.471008599320925,19.9741306304932,2020-01-18 09:49:09,2020-01-18 09:49:09,None,0.003,,0.0326
2020afe,133.394154166667,51.3135111111111,167.3252896879342,39.684659553274265,19.8836917877197,2020-01-18 09:49:09,2020-01-18 09:49:09,None,,,0.0195
10AYSEagd,113.277119081313,41.2712104139529,177.5442589198946,24.943968539409095,18.8089,2020-01-19 10:08:00.600000,2020-01-19 00:00:00,None,,,0.0458
10AYSEagp,113.41290520188,42.161022214431796,176.62331593605984,25.270476832123535,20.590999999999998,2020-01-19 10:08:00.600000,2020-01-19 00:00:00,None,,,0.0457
10AYSEafu,114.649800677603,41.579706850227296,177.5022249851266,26.017782361383322,20.315,2020-01-19 10:08:00.600000,2020-01-19 00:00:00,None,,,0.0407
10AYSEaga,113.33292313965099,42.2008121861143,176.56417506116586,25.223204276220375,20.3761,2020-01-19 10:08:00.600000,2020-01-19 00:00:00,None,,,0.0464
10AYSEagm,116.48113077556101,39.0623393473499,180.6099284797903,26.749581815925033,20.1774,2020-01-19 10:08:41.041000,2020-01-19 00:00:00,None,,,0.0448
10AYSEagi,117.471927946899,38.2205320992738,181.74057417146037,27.290875814897454,19.8191,2020-01-19 10:08:41.041000,2020-01-19 00:00:00,None,,,0.0359
10AYSEagg,117.552011139957,41.2812194174158,178.395837410782,28.06474251873134,20.2807,2020-01-19 10:09:18.279000,2020-01-19 00:00:00,None,,,0.0392
10AYSEafv,116.474016475895,42.19923604153129,177.18316768199605,27.48294690908518,19.9667,2020-01-19 10:09:18.279000,2020-01-19 00:00:00,None,,,0.0495
10AYSEafq,116.666030854034,41.7260235998964,177.73912795852675,27.51648180334121,20.175,2020-01-19 10:09:18.279000,2020-01-19 00:00:00,None,0.6709999999999999,,0.0354
10AYSEago,120.53976255916099,38.225030737871,182.3750542292914,29.63547503836098,20.0286,2020-01-19 10:09:57.459000,2020-01-19 00:00:00,None,,,0.0407
10AYSEagq,119.472901500716,39.1243555891672,181.15841689627948,29.021131154772466,20.45,2020-01-19 10:09:57.459000,2020-01-19 00:00:00,None,,,0.044000000000000004
10AYSEagn,120.664496810781,38.1611020764876,182.4716022476237,29.71708792675882,19.9952,2020-01-19 10:09:57.459000,2020-01-19 00:00:00,None,,,0.0403
10AYSEaft,119.715892691525,38.9975665042519,181.34754311095713,29.177225098147552,19.9172,2020-01-19 10:09:57.459000,2020-01-19 00:00:00,None,,,0.0431
10AYSEagk,118.032526931136,39.831907052587,180.08945444128733,28.096406081110768,20.3896,2020-01-19 10:09:57.459000,2020-01-19 00:00:00,None,,,0.0471
10AYSEagf,120.648044653996,41.2887116572483,178.93204889562784,30.343547590334943,20.5025,2020-01-19 10:10:34.778000,2020-01-19 00:00:00,None,,,0.0441
10AYSEagl,119.62409733515601,42.148773967408296,177.78876179888184,29.75660923087647,20.2124,2020-01-19 10:10:34.778000,2020-01-19 00:00:00,None,,,0.0358
2020agz,196.48539166666697,63.3156333333333,120.17995205058588,53.73505293251224,19.3439,2020-01-19 10:19:39,2020-01-19 10:19:39,None,0.004,,0.0117
10AYSEage,146.69778024945802,30.469771012089897,196.8617773608767,49.686833189888,19.2156,2020-01-19 10:27:05.877000,2020-01-19 00:00:00,None,,,0.016
2020alw,145.920331732959,33.6790386805123,191.844384446156,49.33486259280086,18.5274,2020-01-19 10:27:43.150000,2020-01-19 10:27:50,None,0.001,,0.0116
2019aaab,147.467914442908,34.4469826661054,190.75182410753612,50.65399518123489,19.7929,2019-11-25 15:08:38,2020-01-19 00:00:00,None,,,0.009000000000000001
10AYSEagh,145.86221198992902,33.768100295820304,191.7032692411033,49.29237124001516,19.3366,2020-01-19 10:27:43.150000,2020-01-19 00:00:00,None,,,0.011000000000000001
10AYSEafs,139.889360733612,33.835870264082395,190.96576474702164,44.355025256892,20.8299,2020-01-19 10:29:03.287000,2020-01-19 00:00:00,None,0.247,,0.0145
10AYSEaff,133.457811415555,24.6301557504317,201.380230780196,37.00157365610202,20.3534,2020-01-19 10:32:50.027000,2020-01-19 00:00:00,None,,,0.027999999999999997
10AYSEafp,137.144188982362,28.246660883742297,197.93903515388305,41.10477984965519,20.7522,2020-01-19 10:34:50.023000,2020-01-19 00:00:00,None,,,0.022000000000000002
10AYSEafn,137.999895116784,25.2179873168892,202.08537000018194,41.1260197618457,20.5773,2020-01-19 10:34:10.944000,2020-01-19 00:00:00,None,0.027999999999999997,,0.0433
10AYSEafi,137.823509223718,24.3570351236061,203.12848152450584,40.74402809241035,20.4372,2020-01-19 10:34:10.944000,2020-01-19 00:00:00,None,,,0.0357
10AYSEafm,137.836293653159,27.4545336095746,199.14836220578258,41.52538955220787,20.3205,2020-01-19 10:34:50.023000,2020-01-19 00:00:00,None,,,0.0246
10AYSEafh,138.04225377061502,28.5102851055726,197.8208283477403,41.93302140807673,19.7236,2020-01-19 10:34:50.023000,2020-01-19 00:00:00,None,,,0.0209
10AYSEafo,137.348278202269,26.833864965054,199.81733773127365,40.95900681272683,20.579,2020-01-19 10:34:50.023000,2020-01-19 00:00:00,None,,,0.0293
10AYSEane,141.758875048228,27.3900052852154,200.2735749156171,44.909851342670905,21.0436,2020-01-19 10:40:13.400000,2020-01-22 00:00:00,None,,,0.017
10AYSEafg,140.343322823261,26.4420481732094,201.17697506399935,43.47033904366918,20.3628,2020-01-19 10:36:09.135000,2020-01-19 00:00:00,None,,,0.0224
2019xom,141.744812301541,28.691282628501803,198.4651031170414,45.15504890455323,19.976,2019-11-07 14:22:33,2020-01-22 00:00:00,None,,,0.018000000000000002
2020ahr,188.09455,70.80841388888891,125.19445376167285,46.23601779436729,19.9827346801758,2020-01-15 10:40:22,2020-01-15 10:40:22,None,,,0.0145
2020ahk,239.74691666666698,75.1051861111111,109.40485863736731,36.65603579443951,19.7281723022461,2020-01-16 10:41:19,2020-01-16 10:41:19,None,,,0.02
2019aaag,187.262054872904,12.718340775737099,281.84461152364753,74.66598532343896,20.5287,2019-12-30 15:48:57,2020-01-23 00:00:00,None,,,0.019
2020aqg,196.386973854585,16.8635658596275,321.2967031633709,79.22881963221795,20.5678,2020-01-19 14:26:52,2020-01-22 00:00:00,None,,,0.02
10AYSEafa,192.951617059536,16.0033798390031,303.39094378951364,78.87479894487048,19.8095,2019-12-29 13:08:26.998000,2020-01-19 00:00:00,None,,,0.02
2020aja,196.73193333333302,-28.6631166666667,307.0350429556909,34.085194569726504,18.975,2020-01-19 14:29:45,2020-01-19 14:29:45,None,0.021,,0.0579
10AYSEaew,193.075006587109,5.4698889977997895,303.51322532444925,68.3406635233865,19.3648,2020-01-19 14:34:14.515000,2020-01-19 00:00:00,None,,,0.023
10AYSEaku,189.897172480961,1.63260761492723,296.07890739338603,64.34657538593801,20.5537,2020-01-19 14:36:13.107000,2020-01-23 00:00:00,None,,,0.02
10AYSEafc,195.61476800288298,2.83040555720878,309.59558262730883,65.55945846253084,19.8605,2020-01-19 14:34:51.948000,2020-01-19 00:00:00,None,,,0.0203
2020aji,138.9698875,49.6311555555556,169.0057447160069,43.4038911281501,19.525,2020-01-18 11:35:31,2020-01-18 11:35:31,None,0.002,,0.0124
2020akw,140.897491666667,55.7840444444444,160.39420164212726,43.26981496391667,19.55,2020-01-20 12:10:04,2020-01-20 12:10:04,None,0.018000000000000002,,0.026000000000000002
10AYSEahd,133.198015591401,-5.3387128510596105,232.8945587797134,23.901402541069718,20.6317,2020-01-20 12:18:13.201000,2020-01-20 00:00:00,None,,,0.017
10AYSEahf,136.95059466890498,0.6752338652193461,229.41833384545137,30.27738373428521,19.9902,2020-01-20 12:20:08.168000,2020-01-20 00:00:00,None,,,0.0295
10AYSEahe,140.28278109708,-5.96999256834365,237.92272384282234,29.37251126988859,20.2217,2020-01-20 12:20:47.716000,2020-01-20 00:00:00,None,,,0.0245
10AYSEapl,147.927419611126,-9.715980229932859,246.86561457651922,32.961220851993474,20.5604,2020-01-20 12:32:09.518000,2020-01-24 00:00:00,None,,,0.037000000000000005
10AYSEahc,150.670991329391,-8.3107182388235,247.79557045433057,35.915683917722504,20.1787,2020-01-20 12:28:57.726000,2020-01-20 00:00:00,None,,,0.0506
2020akx,194.912848095253,-5.09654996534318,306.7629836150866,57.71408833552239,18.992,2020-01-20 12:34:33,2020-01-22 00:00:00,None,,,0.024
2020aku,135.635491666667,74.6147638888889,138.6505631420369,34.57388402178766,19.151,2020-01-20 12:51:50,2020-01-20 12:51:50,None,,,0.0193
10AYSEagw,184.02816271428,9.738786471485449,275.6615947546006,70.71651760304611,20.1122,2020-01-20 13:38:53.805000,2020-01-20 00:00:00,None,,,0.016
10AYSEags,190.795785269146,11.878397116121098,295.29284336055144,74.62757857191453,20.7625,2020-01-20 13:40:08.617000,2020-01-20 00:00:00,None,,,0.0218
2020ama,189.56193770602601,9.230724613721732,292.43972523578867,71.83325656938224,20.6196,2020-01-20 13:39:21,2020-01-20 13:39:21,None,,,0.0174
10AYSEagu,191.54907039203098,13.479104145803799,297.54548320457366,76.29600227467438,20.1154,2019-05-03 05:02:56.996000,2020-01-20 00:00:00,None,,,0.024
10AYSEagv,191.01048966750702,13.6058455607308,295.2857423761234,76.36767240261936,20.0495,2020-01-20 13:40:08.617000,2020-01-20 00:00:00,None,,,0.024
2020zj,240.334966726959,16.6777689972762,29.703631067203954,44.999887359311046,16.71,2020-01-07 12:03:43,2020-01-20 00:00:00,SN Ia,,0.03157,0.032
10AYSEaqt,236.456740132512,17.2273736102415,28.43268333096307,48.6479362750968,20.408,2020-01-20 15:34:57.464000,2020-01-25 00:00:00,None,,,0.031
10AYSEaqv,239.744130641482,20.3316161828158,34.354182221025695,46.787153629612334,20.3412,2020-01-20 15:36:49.077000,2020-01-25 00:00:00,None,,,0.045
10AYSEaqs,239.781551516339,20.3709750304165,34.42488064648403,46.766276936252424,20.4503,2020-01-20 15:36:49.077000,2020-01-25 00:00:00,None,,,0.043
10AYSEajo,243.618347560252,16.6386129590399,31.26945978361507,42.0658755397024,20.2291,2020-01-20 15:33:32.187000,2020-01-20 00:00:00,None,,,0.049
2020awt,242.22595061666598,20.176675594009897,35.20292887262261,44.53028690649655,20.048,2020-01-20 15:37:26,2020-01-25 00:00:00,None,,,0.042
10AYSEajw,215.99735939782698,41.3872763212854,75.81833166548654,66.2742638570554,20.8486,2020-01-20 15:40:05.752000,2020-01-20 00:00:00,None,,,0.0064
10AYSEajq,215.68486543319,41.4364477931304,76.21622392250131,66.45285516061304,20.5368,2020-01-18 15:45:51.290000,2020-01-20 00:00:00,None,,,0.008
10AYSEajx,216.37657140971402,38.9074795382011,69.88851408903096,67.13436943946405,20.5491,2020-01-20 15:40:48.324000,2020-01-20 00:00:00,None,,,0.0081
10AYSEajp,220.26161128077598,41.1258744601218,71.9005795425954,63.519468035923985,20.8091,2020-01-20 15:42:03.166000,2020-01-20 00:00:00,None,,,0.0118
10AYSEajv,224.444144649506,38.733126628654,64.78553128104762,61.248791799921754,21.0498,2020-01-20 15:42:43.363000,2020-01-20 00:00:00,None,,,0.0113
10AYSEajr,224.806962484959,41.346046220868104,69.75799786340973,60.24640480859277,20.9525,2020-01-20 15:43:21.814000,2020-01-20 00:00:00,None,,,0.0115
10AYSEaju,223.568060827021,42.2296211611219,72.08426798318824,60.816074673954965,20.768,2020-01-20 15:43:21.814000,2020-01-20 00:00:00,None,,,0.016
2020ard,50.382939622523295,-3.7623304766701096,186.47427232411852,-47.244094769220624,20.5354,2020-01-21 05:19:37.396000,2020-01-24 00:00:00,None,,,0.026000000000000002
10AYSEaje,49.180879242155896,-4.3306797300524,186.07090775371148,-48.54318252315947,20.2319,2020-01-21 05:19:37.396000,2020-01-21 00:00:00,None,,,0.0575
10AYSEaqk,48.522983418006405,-2.3100828929483797,183.08288890207496,-47.8053482620585,21.0662,2020-01-21 05:20:14.453000,2020-01-24 00:00:00,None,,,0.063
10AYSEakc,48.0735497421663,-0.882945551361941,181.03895980952885,-47.228136032762066,19.9688,2020-01-21 05:20:14.453000,2020-01-21 00:00:00,None,,,0.0638
10AYSEajg,49.0815271221644,-1.23965395146034,182.3943548831309,-46.69221684411539,20.4912,2020-01-21 05:20:14.453000,2020-01-21 00:00:00,None,,,0.0578
10AYSEaji,50.5584077001074,-1.7615576610491201,184.33107784443862,-45.879222014357325,20.0214,2020-01-18 07:48:30.620000,2020-01-21 00:00:00,None,,,0.05
10AYSEajl,51.29683440772511,-3.97792312305512,187.52499578557368,-46.64134937911658,20.2117,2020-01-21 05:20:51.447000,2020-01-21 00:00:00,None,,,0.0317
10AYSEajk,52.275234179408294,-4.3288578921630005,188.76569097356983,-46.05653787868137,20.6797,2020-01-21 05:20:51.447000,2020-01-21 00:00:00,None,,,0.0303
10AYSEajj,52.876822033595104,-4.72314726494289,189.72558011884007,-45.793282886580904,20.9703,2020-01-21 05:20:51.447000,2020-01-21 00:00:00,None,,,0.033
10AYSEajf,51.1649256054851,-3.9735193194275498,187.40612255757767,-46.74473012725697,20.4237,2020-01-21 05:20:51.447000,2020-01-21 00:00:00,None,,,0.0318
10AYSEajh,52.37737803168321,-4.34289986472302,188.86722783677143,-45.98170883622416,19.9558,2020-01-21 05:20:51.447000,2020-01-21 00:00:00,None,,,0.0315
10AYSEait,148.918274813492,5.14838147289172,232.6089442616966,42.778851670668374,19.396,2020-01-17 11:36:03.489000,2020-01-21 00:00:00,None,,,0.044000000000000004
10AYSEaiv,152.656779161561,2.80627002296635,238.19680016088142,44.5275130095761,20.2603,2020-01-21 11:20:45.970000,2020-01-21 00:00:00,None,,,0.0262
10AYSEaio,151.377424424644,5.70436015114154,233.81417444755434,45.13471134226661,20.2862,2020-01-21 11:21:23.447000,2020-01-21 00:00:00,None,,,0.0154
10AYSEaik,153.368273358906,5.45978905707265,235.6931898301257,46.64325349984391,20.4814,2020-01-21 11:21:23.447000,2020-01-21 00:00:00,None,,,0.02
10AYSEaiz,155.74396656503902,2.79772840176153,240.87803895697172,46.97915728421296,20.4684,2020-01-21 11:22:00.965000,2020-01-21 00:00:00,None,,,0.0317
10AYSEajb,155.77958310363002,5.9062386009812,237.19087515083856,48.86664184771356,20.0131,2020-01-21 11:22:38.453000,2020-01-21 00:00:00,None,,,0.0195
10AYSEais,156.95829653485902,6.39150802821605,237.628452376097,50.102808485144706,20.2694,2020-01-21 11:22:38.453000,2020-01-21 00:00:00,None,,,0.0189
10AYSEajd,155.803789727271,5.91601934483255,237.19992246611497,48.89194020733927,20.9662,2020-01-21 11:22:38.453000,2020-01-21 00:00:00,None,,,0.0196
10AYSEaja,155.83834597165702,5.92972973002112,237.2131633328647,48.92790769410918,20.1237,2020-01-21 11:22:38.453000,2020-01-21 00:00:00,None,,,0.0199
10AYSEair,153.589725740703,2.76367532849443,239.02893341319117,45.250427535592515,20.4777,2020-01-17 11:36:40.526000,2020-01-21 00:00:00,None,,,0.032
2020amc,160.80661907049299,-3.70372666142957,252.85408961890067,46.32649324761264,20.4935,2020-01-17 11:45:36,2020-01-21 00:00:00,None,,,0.05
10AYSEaip,162.762869467429,-3.9285353914708705,255.19027807567042,47.47234274679035,20.7098,2020-01-21 11:31:21.980000,2020-01-21 00:00:00,None,0.0,,0.03
10AYSEaim,154.986274129716,-1.3391158657684399,244.73873338044666,43.763471788308955,20.9982,2020-01-21 11:29:30.305000,2020-01-21 00:00:00,None,,,0.0513
10AYSEakb,158.194027161626,-1.30991664440676,247.73713187630108,46.16923775864424,20.6114,2020-01-21 11:30:44.607000,2020-01-21 00:00:00,None,,,0.0547
10AYSEaiy,157.51874203956498,-1.20253781630378,246.96451949347806,45.74634239204316,20.9547,2020-01-21 11:30:44.607000,2020-01-21 00:00:00,None,,,0.0457
10AYSEaiq,158.361893267716,-1.2400892313933798,247.82909797695694,46.33952334358853,20.563000000000002,2020-01-21 11:30:44.607000,2020-01-21 00:00:00,None,,,0.0554
10AYSEaiu,160.89084119738,-4.21775153571091,253.448504365562,46.00741085918186,20.7252,2020-01-21 11:31:21.980000,2020-01-21 00:00:00,None,,,0.0402
10AYSEahv,171.54455500575702,13.8516772089118,242.3942577002378,66.08742826612814,21.0436,2020-01-21 13:33:06.367000,2020-01-21 00:00:00,None,,,0.025
10AYSEahy,170.6496974328,13.1344254671277,242.5031395668014,64.96067255185321,20.0689,2020-01-21 13:30:27.279000,2020-01-21 00:00:00,None,,,0.021
10AYSEaig,172.477733900297,9.86657738892206,250.98727118003734,64.1664998994752,20.6232,2020-01-21 13:31:04.528000,2020-01-21 00:00:00,None,0.012,,0.0259
10AYSEaij,177.811337137419,19.57081558547,238.45170359054393,74.27154278164043,20.7236,2020-01-21 13:38:00.215000,2020-01-21 00:00:00,None,,,0.0395
10AYSEaii,178.819331917503,20.3124543841212,237.89276215665336,75.46595294613986,20.8127,2020-01-21 13:38:00.215000,2020-01-21 00:00:00,None,,,0.0309
10AYSEaia,181.79769508479902,17.0413075133886,255.2527816197917,75.63476989164036,20.6335,2020-01-21 13:38:41.484000,2020-01-21 00:00:00,None,,,0.0408
10AYSEahw,181.562542165601,16.772867850522598,255.3367452752487,75.28514793427905,20.6219,2020-01-21 13:38:41.484000,2020-01-21 00:00:00,None,,,0.0364
10AYSEahu,185.000095461298,16.377497187130302,267.2098769545211,77.01455475060995,20.5457,2020-01-21 13:40:04.152000,2020-01-21 00:00:00,None,,,0.0238
10AYSEaih,182.51204248518798,21.016544851850604,243.62958787024087,78.75576541745643,21.218000000000004,2020-01-21 13:39:22.706000,2020-01-21 00:00:00,None,0.019,,0.0217
2020alz,200.795689856081,34.8621168383522,83.57926678457612,79.7078983332604,20.9671,2020-01-21 15:44:17.206000,2020-01-21 15:44:38,None,,,0.0085
10AYSEahq,203.438780492342,35.1490212355205,77.10944613905376,77.91766735959042,20.3172,2020-01-21 15:44:17.206000,2020-01-21 00:00:00,None,0.005,,0.0095
10AYSEahs,206.129306687663,31.7783524194233,58.035706695497524,77.55619536786972,20.2448,2020-01-21 15:45:36.329000,2020-01-21 00:00:00,None,,,0.0163
10AYSEahr,206.69819195336999,33.856429561938704,65.7607194206464,76.32681140140069,20.2851,2020-01-21 15:46:13.803000,2020-01-21 00:00:00,None,,,0.0177
10AYSEahp,206.237523904879,34.7697887936013,69.91579904676868,76.23534356032404,20.4003,2020-01-21 15:46:13.803000,2020-01-21 00:00:00,None,,,0.0095
10AYSEaon,114.820344801763,38.9844170187328,180.3254593697252,25.482489396147688,20.1927,2020-01-22 10:56:44.481000,2020-01-22 00:00:00,None,,,0.051
10AYSEaop,113.840120415359,38.8857701033994,180.20401219403772,24.72156901656864,20.4204,2020-01-22 10:56:44.481000,2020-01-22 00:00:00,None,,,0.048
10AYSEaoq,113.56927094594101,39.186265306436205,179.82262509276956,24.6014599820661,20.631,2020-01-22 10:56:44.481000,2020-01-22 00:00:00,None,,,0.046
10AYSEaoo,114.183756807852,39.2320293529339,179.91618570646085,25.07218760396016,20.8429,2020-01-22 10:56:44.481000,2020-01-22 00:00:00,None,,,0.045
10AYSEaok,114.224361516844,42.335536652508395,176.60110524210967,25.895661598685557,20.8201,2020-01-22 10:57:21.942000,2020-01-22 00:00:00,None,,,0.044000000000000004
10AYSEaoj,114.436121974328,42.059216457611896,176.9416036716691,25.980550525037383,20.4384,2020-01-22 10:57:21.942000,2020-01-22 00:00:00,None,,,0.043
10AYSEaol,113.230732735698,42.2621295561647,176.47742486320678,25.165557013236644,20.7811,2020-01-22 10:57:21.942000,2020-01-22 00:00:00,None,,,0.049
2020aqr,113.24370502173599,42.251081046211,176.49192493507476,25.172040125910655,20.148,2020-01-22 10:56:38,2020-01-22 00:00:00,None,,,0.048
10AYSEanp,116.648969251107,39.1846682815812,180.51318834198352,26.90599711362027,20.673000000000002,2020-01-22 10:57:59.254000,2020-01-22 00:00:00,None,,,0.045
10AYSEank,117.91973276651899,42.0567042967558,177.60252304592174,28.499220597255253,20.5428,2020-01-22 10:58:36.503000,2020-01-22 00:00:00,None,,,0.04
10AYSEanq,121.02749403960699,38.9839484038522,181.61389673133104,30.17013431533835,20.8965,2020-01-22 10:59:13.775000,2020-01-22 00:00:00,None,,,0.042
10AYSEanm,119.47322828190599,39.1710265059384,181.1064219568544,29.031678541273184,21.1144,2020-01-22 10:59:13.775000,2020-01-22 00:00:00,None,,,0.045
10AYSEano,120.95104475011401,39.2773435613549,181.26767629264305,30.172842577427282,20.5144,2020-01-22 10:59:13.775000,2020-01-22 00:00:00,None,,,0.039
10AYSEanj,119.6891703025,39.1903711298324,181.1268569058269,29.199233221023764,20.7367,2020-01-22 10:59:13.775000,2020-01-22 00:00:00,None,,,0.049
10AYSEann,119.772838072123,39.1952701405432,181.13757113566479,29.263586856347516,20.7899,2020-01-22 10:59:13.775000,2020-01-22 00:00:00,None,,,0.049
10AYSEakd,119.55738814816699,42.2566462761939,177.65594557802507,29.72868326921459,20.6349,2020-01-22 10:59:50.971000,2020-01-22 00:00:00,None,,,0.0399
2020aqh,127.85506408639601,46.2559524554073,173.80722603956283,36.11751526967873,20.1011,2020-01-22 11:05:16,2020-01-22 00:00:00,None,,,0.027999999999999997
10AYSEanf,127.96407754862601,49.2961073610999,170.0445457672294,36.293853204489096,20.186,2020-01-22 11:06:14.877000,2020-01-22 00:00:00,None,,,0.035
10AYSEanh,127.93330216129499,49.3447511676015,169.98386566055066,36.274460436288855,20.8356,2020-01-22 11:06:14.877000,2020-01-22 00:00:00,None,,,0.033
10AYSEans,125.711319501114,49.91758565147679,169.23659894013485,34.84978922572598,20.3964,2020-01-22 11:06:14.877000,2020-01-22 00:00:00,None,,,0.033
10AYSEang,133.969720060923,46.2659646742272,173.87961803524894,40.34361685260622,20.0421,2020-01-22 11:08:06.865000,2020-01-22 00:00:00,None,,,0.02
10AYSEani,134.19589062987401,46.213424724545895,173.94380251964068,40.50123344068128,20.4606,2020-01-22 11:08:06.865000,2020-01-22 00:00:00,None,,,0.021
10AYSEant,139.84826129943198,34.9344195608478,189.43162300622993,44.434680823914796,20.1149,2020-01-22 11:14:44.491000,2020-01-22 00:00:00,None,,,0.013999999999999999
10AYSEanr,139.91019579097798,34.8328353650989,189.58003823576033,44.47563926731749,20.4589,2020-01-22 11:14:44.491000,2020-01-22 00:00:00,None,,,0.013000000000000001
2020add,155.00940896302,6.631787873550481,235.62434929061524,48.65193029101288,19.13,2020-01-17 11:38:24,2020-01-17 00:00:00,SN Ia,,0.10800000000000001,0.019
2020aqq,136.944592787813,28.0270617115897,198.17146143894504,40.88471665696738,20.5691,2020-01-22 12:33:07,2020-01-22 00:00:00,None,,,0.025
10AYSEanx,135.71045748809098,25.444105791658203,201.09380343186342,39.187226734193715,20.4235,2020-01-22 12:31:29.786000,2020-01-22 00:00:00,None,,,0.035
10AYSEamm,134.562004584396,24.826274984433102,201.49601492416207,38.019371205462384,20.6131,2020-01-22 12:31:29.786000,2020-01-26 00:00:00,None,,,0.028999999999999998
10AYSEamk,135.378282347904,25.5654104215555,200.84136946480334,38.92998051110473,20.9864,2020-01-22 12:31:29.786000,2020-01-22 00:00:00,None,,,0.032
10AYSEanw,136.638027885556,23.8218278987816,203.4102870768456,39.556058678908045,20.4906,2020-01-22 12:32:47.580000,2020-01-22 00:00:00,None,,,0.035
2020aql,142.142141551088,24.381955854969,204.5047710829132,44.54548815067251,20.7976,2020-01-22 12:34:04.421000,2020-01-22 00:00:00,None,,,0.025
2020aqi,139.718365906544,23.7931736721795,204.48049797911867,42.25588277082479,21.0938,2020-01-22 12:34:04.421000,2020-01-22 00:00:00,None,,,0.040999999999999995
10AYSEaof,140.220935685453,27.3874976803077,199.87236544384493,43.574898940589364,20.8247,2020-01-22 12:34:45.280000,2020-01-26 00:00:00,None,,,0.023
2020aqk,191.854829294127,16.424360999428803,297.75607094489175,79.25570164982422,20.22,2020-01-22 13:49:26,2020-01-22 00:00:00,None,,,0.026000000000000002
10AYSEaoa,193.53268347983501,17.862309035668897,306.9056080763756,80.71327347768965,20.9046,2020-01-22 13:49:33.268000,2020-01-22 00:00:00,None,,,0.022000000000000002
10AYSEanu,193.05848209293202,20.2664928580615,304.4941163756865,83.13582581297753,20.326,2020-01-22 13:50:11.223000,2020-01-22 00:00:00,None,,,0.02
2019uit,192.56703596700402,21.3376536799977,300.23393879744026,84.2032723971384,18.4276,2019-11-05 13:53:45,2020-01-19 00:00:00,None,,,0.042
10AYSEamn,196.168249753472,17.2336490269135,320.7890159992251,79.64358453885332,20.1811,2020-01-22 13:50:50.708000,2020-01-22 00:00:00,None,,,0.022000000000000002
10AYSEaey,192.12545796060397,19.9258083883047,297.44329759778395,82.76624615128623,20.0249,2020-01-19 14:26:35.683000,2020-01-19 00:00:00,None,,,0.021
10AYSEaoc,186.507060319099,12.043739242971098,280.13895239422624,73.78054401043195,20.4549,2020-01-22 13:57:10.504000,2020-01-22 00:00:00,None,,,0.022000000000000002
10AYSEamh,189.884979922285,-4.857029083229389,297.35043119574647,57.8857195590236,20.5369,2020-01-22 14:01:34.761000,2020-01-22 00:00:00,None,,,0.022000000000000002
2020azr,195.104908765268,-4.48741712696982,307.1960407570988,58.309947782577645,20.3556,2020-01-22 14:02:24,2020-01-26 00:00:00,None,,,0.025
2020aqs,197.98252483642602,-0.8364131089421759,313.75325938530636,61.60403046675544,18.448,2018-07-13 04:38:38.996000,2020-01-22 14:05:16,None,0.033,,0.0228
10AYSEanc,189.464208856282,-1.20685454883728,295.8090063762563,61.476924495376934,20.2813,2020-01-22 14:02:13.027000,2020-01-22 00:00:00,None,,,0.021
10AYSEami,192.478959497023,-4.326277255448661,302.2048219767579,58.54332147725808,20.0456,2020-01-22 14:02:50.411000,2020-01-22 00:00:00,None,,,0.026000000000000002
10AYSEamf,192.957341895565,-4.0833264982250395,303.12029910699187,58.788277909114484,20.3137,2020-01-22 14:02:50.411000,2020-01-22 00:00:00,None,,,0.021
2020azp,194.487934356263,-1.8898762955403101,306.2841353463547,60.93946700718245,20.18,2020-01-22 14:06:43,2020-01-26 00:00:00,None,,,0.015
10AYSEaog,195.866119075703,-4.52886076211383,308.62812977538505,58.209811463136774,20.6622,2020-01-22 14:04:04.754000,2020-01-22 00:00:00,None,,,0.027000000000000003
10AYSEamd,196.814743981967,-3.99985688792154,310.52950715378006,58.638309547750914,19.7418,2020-01-22 14:04:04.754000,2020-01-22 00:00:00,None,,,0.026000000000000002
2020anl,195.85014186599201,-3.5009347434884,308.77513639031076,59.235024632795216,19.9605,2020-01-05 12:05:26.998000,2020-01-22 00:00:00,None,,,0.023
2020azv,196.253252395658,-3.8065046619448797,309.4967468020049,58.89210058104866,20.18,2020-01-22 14:07:54.651000,2020-01-26 00:00:00,None,,,0.027999999999999997
2020azk,195.699707033416,-5.041728542780111,308.23393250314894,57.71301607869803,20.48,2020-01-22 14:07:54.651000,2020-01-26 00:00:00,None,,,0.033
2020afg,264.84809166666696,64.92164444444451,94.55874395205515,31.98105956827298,18.865,2020-01-18 12:50:56,2020-01-18 12:50:56,None,,,0.0394
2020aqc,135.764329166667,53.3302166666667,164.47244175309268,40.88000022085845,19.875999999999998,2020-01-23 05:24:25,2020-01-23 05:24:25,None,,,0.0134
2020bhp,137.204054166667,34.1834944444444,190.12405546591395,42.187074012466915,20.3116302490234,2020-01-16 04:51:31,2020-01-16 04:51:31,None,,,0.0212
2020amw,136.0503375,36.820161111111105,186.4633674391302,41.55141582113514,19.3865928649902,2020-01-23 05:12:54.003000,2020-01-23 07:17:04,None,0.013999999999999999,,0.0211
2020apz,135.907791666667,40.835083333333294,181.09309543257166,41.71109489941249,20.0577831268311,2020-01-23 06:25:17,2020-01-23 06:25:17,None,0.0,,0.0142
2020bgt,131.8174375,54.4871083333333,163.3798730227473,38.42354529277962,20.1822681427002,2020-01-16 05:42:40.997000,2020-01-26 11:12:28,None,0.0,,0.0253
2020bhh,145.252479166667,34.1287055555556,191.10558707862967,48.81025779543834,19.831,2020-01-23 07:16:26,2020-01-23 07:25:58,None,,,0.011000000000000001
2020bhg,145.515316666667,33.8062083333333,191.61648356490178,49.007149701130864,19.930999999999997,2020-01-23 07:25:58,2020-01-23 07:25:58,None,,,0.0125
2020aym,137.237011082553,28.632852191488105,197.46122513812173,41.267577650890736,20.1181755065918,2020-01-19 10:35:02,2020-01-26 00:00:00,None,,,0.022000000000000002
2020awz,152.604654166667,33.6848055555555,192.15156333220483,54.89292885619505,20.3134727478027,2020-01-23 07:33:57,2020-01-23 07:33:57,None,,,0.0181
2020aoy,155.067120833333,50.3388694444444,163.6043507020095,53.12153657020414,19.981153488159197,2020-01-19 08:46:58,2020-01-19 08:46:58,None,0.006,,0.0083
2020ahe,162.012833333333,40.771230555555604,176.68206940918404,61.21597456936009,20.0154132843018,2019-11-07 12:50:20,2020-01-16 07:43:58,None,,,0.0122
2020bgn,151.123733333333,18.3624833333333,216.78655971452199,50.71095310090231,20.368,2020-01-23 09:35:43,2020-01-23 09:35:43,None,0.0,,0.0289
2020aoz,197.6031,66.9095083333333,120.03301995417556,50.11180807328263,19.844312667846697,2020-01-18 13:21:32,2020-01-18 13:21:32,None,,,0.0151
2020aex,170.198816666667,48.3000666666667,156.61233661914258,62.473513841162955,19.9429397583008,2020-01-18 08:45:22,2020-01-18 08:45:22,None,0.002,,0.0095
2020asn,216.329391666667,86.0098,121.08345193161223,30.77616606005496,16.2792568206787,2019-08-01 07:18:09.999000,2020-01-23 09:51:31,None,0.693,,0.1447
10AYSEald,173.115503310929,10.354531346615198,251.20804287450298,64.95600626343945,19.8322,2020-01-23 13:23:27.659000,2020-01-23 00:00:00,None,,,0.027999999999999997
10AYSEalv,172.613723239887,13.894352147113302,243.8989142017858,66.93578501284428,19.3742,2020-01-23 13:24:06.420000,2020-01-23 00:00:00,None,,,0.03
10AYSEalj,178.639952767386,20.203216941508302,237.92462522106973,75.26548517049144,20.7651,2020-01-23 13:28:52.798000,2020-01-23 00:00:00,None,,,0.031
10AYSEalg,182.399930226897,20.8199903483092,244.1391877202937,78.55688270847087,19.2574,2020-01-23 13:30:14.993000,2020-01-23 00:00:00,None,,,0.021
10AYSEalt,184.38868899329898,19.595350367026697,255.26234416281824,79.1804430407733,19.936,2020-01-23 13:31:36.840000,2020-01-23 00:00:00,None,,,0.018000000000000002
10AYSEaln,185.295563578641,20.2410639489224,256.18487892791126,80.23723633628565,20.2272,2020-01-23 13:31:36.840000,2020-01-23 00:00:00,None,,,0.022000000000000002
10AYSEalr,185.31969642107398,20.2838821196484,256.1065601050775,80.28382390530157,20.1552,2020-01-23 13:31:36.840000,2020-01-23 00:00:00,None,,,0.023
10AYSEaec,181.197648970549,17.8057767115057,251.42203146778596,75.76629028939897,19.7528,2018-11-08 12:35:00.997000,2020-01-18 00:00:00,None,,,0.021
10AYSEalp,186.42665880933998,7.67533173113425,284.3453043674868,69.61319060570753,20.6076,2020-01-23 13:37:42.289000,2020-01-23 00:00:00,None,,,0.022000000000000002
10AYSEalf,186.856410821651,7.57680410357551,285.59926457651335,69.63645034404246,20.2807,2020-01-23 13:37:42.289000,2020-01-23 00:00:00,None,,,0.019
10AYSEalu,158.1284306814,-4.15027578149127,250.56830325307868,44.147263102431886,20.299,2020-01-23 13:43:19.082000,2020-01-23 00:00:00,None,,,0.032
10AYSEalx,161.302374083927,-4.23956706712495,253.906192803875,46.26882246533436,20.3649,2020-01-23 13:44:34.252000,2020-01-23 00:00:00,None,,,0.037000000000000005
10AYSEalk,161.293493036495,-4.264142927314871,253.9206737136565,46.244694429383195,20.4365,2020-01-23 13:44:34.252000,2020-01-23 00:00:00,None,,,0.037000000000000005
10AYSEamb,161.873381235511,-1.91803363616088,252.187395154008,48.3562351859589,21.1284,2020-01-23 13:45:12.660000,2020-01-23 00:00:00,None,,,0.04
10AYSEalm,161.273751022444,-1.09600642870442,250.67582797632576,48.52824727522923,20.3292,2020-01-23 13:45:12.660000,2020-01-23 00:00:00,None,,,0.04
10AYSEamc,149.46011349917802,4.16665617228027,234.12998836195476,42.69310356869869,20.5349,2020-01-23 13:50:18.475000,2020-01-23 00:00:00,None,,,0.03
10AYSEale,149.798057394562,4.91186353642287,233.533873035633,43.385204492280515,20.9638,2020-01-23 13:50:55.815000,2020-01-23 00:00:00,None,,,0.033
10AYSEaly,149.425849248296,7.35413549776213,230.3928911829322,44.37360487868191,20.519000000000002,2020-01-23 13:50:55.815000,2020-01-23 00:00:00,None,,,0.026000000000000002
10AYSEals,152.52778065797,3.1648594620888706,237.68353438378531,44.634919006171145,20.4509,2020-01-23 13:51:34.317000,2020-01-23 00:00:00,None,,,0.021
10AYSEali,152.53593332964198,3.13535972917693,237.72380068587773,44.62417986148668,19.9866,2020-01-23 13:51:34.317000,2020-01-23 00:00:00,None,,,0.022000000000000002
10AYSEalz,152.549964741407,3.0734783511680197,237.80568600841417,44.599128721914646,19.9986,2020-01-23 13:51:34.317000,2020-01-23 00:00:00,None,,,0.024
10AYSEala,152.70806260997,2.54456369815889,238.53450573233746,44.41332876563973,20.6445,2020-01-23 13:51:34.317000,2020-01-23 00:00:00,None,,,0.034
10AYSEalo,152.521489108284,6.28910572411083,234.00988772205324,46.40667054432091,20.603,2020-01-23 13:52:11.303000,2020-01-23 00:00:00,None,,,0.018000000000000002
10AYSEalc,152.536164127403,6.287450257520501,234.02352130552097,46.417946876700476,20.3178,2020-01-23 13:52:11.303000,2020-01-23 00:00:00,None,,,0.018000000000000002
10AYSEalw,152.818008430296,5.282205111006831,235.45683809373432,46.09091619514852,21.1408,2020-01-23 13:52:11.303000,2020-01-23 00:00:00,None,,,0.021
10AYSEalb,152.654355583263,7.00208522036844,233.2440518877772,46.906130596767,20.8738,2020-01-23 13:52:11.303000,2020-01-23 00:00:00,None,,,0.02
10AYSEakq,155.940548808539,2.07702402719497,241.88162649369198,46.68489757282557,20.9767,2020-01-23 13:52:49.600000,2020-01-23 00:00:00,None,,,0.040999999999999995
2020aou,192.729257986968,3.7589813413377593,302.60433978783306,66.63039761656111,20.63,2020-01-23 15:18:43,2020-01-23 00:00:00,None,,,0.025
2020aos,191.36460136627602,5.5446104902184805,298.8926827001197,68.36944971497297,20.71,2020-01-23 15:18:23.349000,2020-01-23 00:00:00,None,,,0.021
10AYSEakv,192.79217590722402,6.8410517443275,302.7392007588828,69.71269859059278,20.4152,2020-01-23 15:19:41.319000,2020-01-23 00:00:00,None,,,0.027999999999999997
10AYSEakz,196.648938697962,2.96468699870561,312.1133393496295,65.56586365616572,20.5095,2020-01-23 15:20:21.235000,2020-01-23 00:00:00,None,,,0.024
10AYSEaks,195.827157771068,6.85741752894903,311.3856520768139,69.53408930286841,20.2703,2020-01-23 15:20:58.665000,2020-01-23 00:00:00,None,,,0.027999999999999997
10AYSEakw,195.871213710922,6.239480670438519,311.2799727823444,68.9157392116169,20.3938,2020-01-19 14:39:21.178000,2020-01-23 00:00:00,None,,,0.027999999999999997
2020aot,195.89899615266202,5.44213417853075,311.0754426429135,68.12143619000207,20.46,2020-01-23 15:20:58.665000,2020-01-23 00:00:00,None,,,0.027999999999999997
2020awv,201.157096253307,31.8321953116115,67.99783240403158,81.38469815531533,20.9973,2020-01-23 15:26:50.254000,2020-01-25 00:00:00,None,,,0.016
10AYSEahn,206.90918611493697,31.839993668526002,57.37314879233585,76.90688508557274,20.1938,2019-04-27 05:12:12.004000,2020-01-21 00:00:00,None,,,0.011000000000000001
10AYSEaky,209.82863482642202,31.8480330628208,54.72919075057054,74.51368918504612,20.4211,2020-01-18 15:38:59.359000,2020-01-23 00:00:00,None,,,0.013000000000000001
2020amg,204.90635656464298,30.8059135889543,55.02556012144022,78.84460519913083,19.9059,2020-01-08 13:24:57,2020-01-23 00:00:00,None,,,0.013999999999999999
10AYSEakt,209.829889045825,31.659287554407502,54.038767087164096,74.55529450724438,20.4294,2020-01-23 15:29:31.735000,2020-01-23 00:00:00,None,,,0.013000000000000001
2020axb,143.2228,72.3849305555556,139.83289670820304,37.519340776500975,20.2416934967041,2020-01-23 05:20:29,2020-01-23 05:20:29,None,0.0,,0.0425
2020aqv,47.348120833333304,38.2262166666667,150.66877084348468,-17.10473242500011,18.558,2020-01-24 06:23:02,2020-01-24 06:23:02,None,,,0.1508
2020ban,136.17160833333298,33.7291444444444,190.57124131888617,41.2768882151985,20.071668624877898,2020-01-23 05:26:21,2020-01-23 05:26:21,None,0.001,,0.0219
2020arc,48.805216208836,-3.32725839379991,184.53107870355845,-48.22449209237652,20.6745,2020-01-01 06:51:50,2020-01-24 00:00:00,None,,,0.077
2020aqw,52.20150710290461,-4.21911949762379,188.57543713403592,-46.052561540613524,19.8526,2020-01-21 05:24:00,2020-01-24 00:00:00,None,,,0.031
2020arb,52.466835624630605,-1.90181201324884,186.15225596225852,-44.46148756543482,20.7477,2020-01-01 06:57:36,2020-01-24 00:00:00,None,,,0.05
10AYSEaqe,55.1847629094938,-1.10734603637207,187.51826469320957,-41.8119350886438,21.0801,2020-01-24 06:53:26.869000,2020-01-24 00:00:00,None,,,0.105
10AYSEaqj,49.9724883823894,-5.493241980531269,188.19237635217806,-48.59985957907665,20.9732,2020-01-24 06:50:17.901000,2020-01-24 00:00:00,None,,,0.039
10AYSEamv,49.0681235761873,-4.02281923778442,185.59878674421813,-48.445529119114354,20.6862,2020-01-24 06:50:17.901000,2020-01-24 00:00:00,None,,,0.07400000000000001
10AYSEamz,49.16301616434,-4.16316971035665,185.85354267290268,-48.455822356490245,20.108,2020-01-24 06:50:17.901000,2020-01-24 00:00:00,None,,,0.062
10AYSEamu,49.029200004716394,-3.9845682264398503,185.51737771921984,-48.452951792375444,21.0985,2020-01-24 06:50:17.901000,2020-01-24 00:00:00,None,,,0.076
10AYSEaqg,49.1831017399418,-1.10567283021306,182.33980765920128,-46.52832694054805,20.5984,2020-01-24 06:50:56.327000,2020-01-24 00:00:00,None,,,0.049
10AYSEanb,48.768798782603206,-0.453297591445367,181.22847980232916,-46.42123701780873,20.9056,2020-01-24 06:50:56.327000,2020-01-24 00:00:00,None,,,0.06
10AYSEamx,49.8682918071383,-2.24794035001905,184.25861833689882,-46.72168061483756,20.1713,2020-01-24 06:50:56.327000,2020-01-24 00:00:00,None,,,0.065
10AYSEaql,52.503094290819796,-3.98089022054313,188.5490484480554,-45.66927937166968,21.1905,2020-01-24 06:51:34.252000,2020-01-24 00:00:00,None,,,0.033
10AYSEaqn,52.0669256575555,-4.54171800506308,188.84222757394124,-46.349174779596794,20.7778,2020-01-24 06:51:34.252000,2020-01-24 00:00:00,None,,,0.035
10AYSEaqm,52.257027050069,-2.31972248265133,186.44165500346926,-44.88131307224199,20.6586,2020-01-21 05:21:28.807000,2020-01-24 00:00:00,None,,,0.054000000000000006
10AYSEamw,51.7692535801486,-0.276521082978948,183.76730228160966,-44.005255395173286,20.9644,2020-01-24 06:52:11.229000,2020-01-24 00:00:00,None,,,0.098
10AYSEamt,52.43917126642071,-2.4466519254036,186.7391682477102,-44.812489312614744,20.7653,2020-01-24 06:52:11.229000,2020-01-24 00:00:00,None,,,0.049
10AYSEana,55.37264211365721,-1.1304103246865,187.69263257054388,-41.67449219210155,20.4394,2020-01-24 06:53:26.869000,2020-01-24 00:00:00,None,,,0.09699999999999999
10AYSEams,55.322359900989596,-1.0329868841637702,187.5477362914087,-41.65710638905315,20.5598,2020-01-24 06:53:26.869000,2020-01-24 00:00:00,None,,,0.092
10AYSEamr,55.399985651441796,-1.1801402319757601,187.7679541838854,-41.68194704981073,20.3273,2020-01-24 06:53:26.869000,2020-01-24 00:00:00,None,,,0.10099999999999999
2020asp,144.03254166666702,37.713325,185.66251891592705,47.939124219373035,17.3856182098389,2020-01-23 10:09:57,2020-01-23 10:09:57,None,0.005,,0.0127
2020bbo,120.488458333333,47.8433833333333,171.37320650714364,31.260335153914937,19.218,2020-01-24 10:03:21,2020-01-24 10:03:21,None,0.0,,0.0383
10AYSEapg,133.885106902745,0.491718948603812,227.79273092744972,27.55599716509577,20.1712,2020-01-24 10:12:55.722000,2020-01-24 00:00:00,None,,,0.046
10AYSEapj,132.663754498785,0.552447071846279,227.0382460287308,26.53436598137856,20.21,2020-01-24 10:12:55.722000,2020-01-24 00:00:00,None,,,0.037000000000000005
10AYSEaou,132.65966296253,0.581366144114102,227.00803264567776,26.545431806512454,20.2589,2020-01-24 10:12:55.722000,2020-01-24 00:00:00,None,,,0.037000000000000005
2020awp,186.98723333333302,62.493313888888906,127.59039277144939,54.42197200938666,20.2922420501709,2020-01-23 12:19:53,2020-01-23 12:19:53,None,0.156,,0.015
10AYSEapy,136.874343021824,-6.15074239707491,235.8819207463033,26.4965680498601,20.1823,2020-01-24 10:13:33.094000,2020-01-24 00:00:00,None,,,0.022000000000000002
10AYSEapt,136.017174517118,-5.83727672133986,235.0581296674163,25.968410538543445,20.6445,2020-01-24 10:13:33.094000,2020-01-24 00:00:00,None,,,0.026000000000000002
10AYSEapf,137.76844400112898,-6.0110856253261105,236.31960927226436,27.307494748233708,20.5362,2020-01-24 10:13:33.094000,2020-01-24 00:00:00,None,,,0.027999999999999997
10AYSEaqc,137.036292999109,0.45251766454661496,229.69003150897512,30.23416997749922,20.334,2020-01-24 10:14:10.493000,2020-01-24 00:00:00,None,,,0.031
10AYSEapu,139.372228851576,-6.12572448012307,237.46433780079985,28.545891222823453,20.1684,2020-01-20 12:20:47.716000,2020-01-24 00:00:00,None,,,0.027999999999999997
10AYSEapi,140.393121224765,-6.1291110585491,238.14445982338503,29.368224750313317,20.1621,2020-01-24 10:14:48.743000,2020-01-24 00:00:00,None,,,0.023
10AYSEapo,144.141125031694,-11.3820631220962,245.5002496977718,29.054591861060345,20.916999999999998,2020-01-24 10:21:31.642000,2020-01-24 00:00:00,None,,,0.033
10AYSEapr,144.630459154246,-11.586779089465198,246.03410485854158,29.28820466246214,20.034000000000002,2020-01-24 10:21:31.642000,2020-01-24 00:00:00,None,,,0.040999999999999995
10AYSEaqb,147.653382502303,-11.602795806363002,248.31486232422148,31.501797275560122,20.4533,2020-01-24 10:22:45.727000,2020-01-24 00:00:00,None,,,0.037000000000000005
10AYSEapx,147.765891841399,-11.5779504237144,248.38020778200888,31.6001017551196,20.6735,2020-01-24 10:22:45.727000,2020-01-24 00:00:00,None,,,0.037000000000000005
10AYSEapw,147.611668502774,-8.31245372085137,245.35401901473844,33.64764663635133,20.7375,2020-01-20 12:32:09.518000,2020-01-24 00:00:00,None,,,0.035
10AYSEapp,146.680128007049,-8.45981471774923,244.77438658819995,32.85011537270424,20.1546,2020-01-24 10:23:23.122000,2020-01-24 00:00:00,None,,,0.025
10AYSEaqd,150.97418296788499,-11.5912102353457,250.9532074196899,33.87953076109428,20.1837,2020-01-24 10:24:00.293000,2020-01-24 00:00:00,None,,,0.064
10AYSEapz,149.735807057381,-11.584157865462698,249.93910570269446,33.010187738728135,20.4894,2020-01-24 10:24:00.293000,2020-01-24 00:00:00,None,,,0.052000000000000005
10AYSEape,150.739598132985,-11.6207706294734,250.78584162990467,33.69425279928772,20.8549,2020-01-24 10:24:00.293000,2020-01-24 00:00:00,None,,,0.062
10AYSEapq,150.833746744974,-11.633632386543901,250.87421504837448,33.75140726799581,20.5895,2020-01-24 10:24:00.293000,2020-01-24 00:00:00,None,,,0.059000000000000004
2020ara,150.91721140438,-11.824693966686098,251.1072202165855,33.67645707744244,20.5929,2020-01-18 13:57:31.024000,2020-01-24 00:00:00,None,,,0.051
10AYSEapk,150.799915575319,-8.52230758620991,248.09444924200727,35.86661383335349,20.0603,2020-01-24 10:24:37.313000,2020-01-24 00:00:00,None,,,0.06
10AYSEapn,151.387810166546,-8.35178263886503,248.42847243894914,36.40928390290367,20.9787,2020-01-24 10:24:37.313000,2020-01-24 00:00:00,None,,,0.049
2020bhj,223.01647916666698,62.236555555555604,101.74934131827214,49.636793270348086,20.0537338256836,2020-01-16 11:21:59,2020-01-16 11:21:59,None,,,0.0165
2020atb,235.37002083333303,73.7502083333333,108.96723946918955,38.41473155041365,19.8301734924316,2020-01-16 11:46:20,2020-01-16 11:46:20,None,0.049,,0.0309
10AYSEapc,190.322466325229,12.604958498252401,293.14146378281885,75.28345993178844,20.8899,2020-01-24 14:29:24.818000,2020-01-24 00:00:00,None,,,0.034
10AYSEapa,188.299028547398,10.230507606412699,287.79449812090553,72.56397616818025,20.314,2020-01-24 14:30:05.349000,2020-01-24 00:00:00,None,,,0.027999999999999997
10AYSEagt,189.356481912663,9.65034367588667,291.5601128644993,72.21201995658053,20.2125,2020-01-20 13:39:31.219000,2020-01-20 00:00:00,None,,,0.019
2020apu,190.320812192392,8.95385135090666,294.9355707353939,71.66776549020304,19.4888,2020-01-20 13:39:21,2020-01-20 00:00:00,None,,,0.021
10AYSEaot,184.202459167336,10.2413491931496,275.5004897031388,71.24498535042757,20.576999999999998,2020-01-24 14:30:49.049000,2020-01-24 00:00:00,None,,,0.022000000000000002
10AYSEaoy,187.376698977816,12.3442906809519,282.6918185712785,74.34782054802136,20.0997,2020-01-24 14:39:09.591000,2020-01-24 00:00:00,None,,,0.021
10AYSEapb,188.230938774303,12.362680682987198,285.65354118933647,74.6099674808372,20.5296,2020-01-24 14:39:09.591000,2020-01-24 00:00:00,None,,,0.025
10AYSEaoz,188.635538731481,12.233856948057802,287.2169231752481,74.58777667541102,20.6228,2020-01-24 14:39:09.591000,2020-01-24 00:00:00,None,,,0.031
10AYSEavh,187.94151484002398,8.786731969012099,287.78697637599515,71.07777179559763,19.756,2020-01-24 14:41:08.778000,2020-01-27 00:00:00,None,,,0.016
2020aem,267.09491666666696,54.151488888888906,81.95284162808149,30.744639865185114,17.743,2020-01-18 12:51:34,2020-01-18 12:51:34,None,,,0.0342
2020atq,102.323416666667,62.5133583333333,153.17846940844052,23.61998065349432,19.473819732665998,2020-01-11 05:48:57.001000,2020-01-16 04:00:18,None,0.003,,0.1057
10AYSEafy,116.596092008163,39.0362586407445,180.6630508460549,26.82959615089555,19.624002456665,2020-01-19 10:08:41.041000,2020-01-19 00:00:00,None,,,0.0447
2020bgr,125.667091666667,47.834675,171.76808995507136,34.71986815989485,20.504693984985398,2020-01-04 10:14:31.001000,2020-01-26 11:06:43,None,,,0.0399
2020ato,121.552416666667,60.416269444444396,156.60928779028256,32.50410512186067,19.449964523315398,2020-01-16 04:11:58.998000,2020-01-19 09:26:26,None,,,0.1556
2020bgs,133.627183333333,36.2564305555556,186.9117843646741,39.553440819222345,20.057874679565398,2020-01-15 08:26:47,2020-01-15 08:26:47,None,0.0,,0.027999999999999997
ZTF20aaiaczn,153.9394196,2.4781044,239.65226782916514,45.35705129397118,19.015672683715803,2020-01-25 07:02:07.002000,2020-01-25 07:02:07.002000,None,,,0.0365
2020axa,151.469258333333,20.222472222222198,214.16587244844806,51.642177161716354,20.1822948455811,2020-01-23 07:31:57,2020-01-23 07:31:57,None,,,0.0212
ZTF20aaicuej,151.05264509999998,-10.4042972,249.9848384892724,34.75991790563135,18.8988761901855,2020-01-25 09:02:16.002000,2020-01-25 09:02:16.002000,None,,,0.048
2020azi,188.1665,60.792275,127.04597060233137,56.18577739378533,17.0,2020-01-25 09:10:00,2020-01-25 09:10:00,None,,,0.0114
10AYSEask,126.082583241459,46.610570911022904,173.27865162159648,34.92048242815733,21.0038,2020-01-25 09:32:51.958000,2020-01-25 00:00:00,None,,,0.028999999999999998
10AYSEasf,127.639193519926,48.667844874287006,170.81749544582388,36.06815948194147,20.4927,2020-01-25 09:33:29.145000,2020-01-25 00:00:00,None,,,0.027999999999999997
10AYSEasj,128.184639502523,48.003227695353004,171.6532686346448,36.412828354329484,20.4893,2020-01-25 09:33:29.145000,2020-01-25 00:00:00,None,,,0.028999999999999998
10AYSEash,134.38827822283702,47.989914015630795,171.60144112305395,40.562851841906394,20.8668,2020-01-25 09:35:59.174000,2020-01-25 00:00:00,None,,,0.02
2019aaap,132.575469757225,50.0287218427976,169.03447497647346,39.26134592338488,20.5367,2019-11-25 15:02:52,2020-01-25 00:00:00,None,,,0.023
2020aei,181.44299999999998,54.3894333333333,136.9017473604612,61.48288050018125,18.5895366668701,2020-01-18 09:54:37.999000,2020-01-18 09:54:38,SN Ia,,0.05065,0.0131
2020awg,237.26041315,17.93789375,29.849785984380613,48.192600771421105,18.904275894165,2020-01-25 12:55:41,2020-01-25 12:55:41,None,,,0.0347
2020awk,250.381829166667,55.038694444444396,83.55918696917733,40.35659920600405,20.5343,2020-01-25 13:15:22,2020-01-25 13:15:22,None,0.012,,0.0167
2020amd,179.322157776332,18.2650247664762,245.51161644757022,74.70463686974354,19.9058,2020-01-21 13:37:16.856000,2020-01-21 00:00:00,None,,,0.031
10AYSEaed,178.795873463976,18.493064088690698,243.69606836318192,74.44337116223723,19.7698,2019-01-03 11:35:36.997000,2020-01-18 00:00:00,None,,,0.026000000000000002
10AYSEasa,181.042118385392,19.5404387355735,245.42868736745316,76.77197488124962,19.8825,2020-01-25 13:19:31.473000,2020-01-25 00:00:00,None,,,0.024
10AYSEasd,181.146012395112,21.358004427398104,238.80401807530552,77.8696360458129,20.3936,2020-01-25 13:19:31.473000,2020-01-25 00:00:00,None,,,0.021
10AYSEahx,181.93320234759602,21.0096014477674,242.12699907399366,78.30544255283768,20.7256,2020-01-21 13:39:22.706000,2020-01-21 00:00:00,None,,,0.022000000000000002
10AYSEasb,184.67061481532102,16.0745324646957,266.76926513325844,76.58823299972137,20.5685,2020-01-25 13:20:12.092000,2020-01-25 00:00:00,None,,,0.025
10AYSEasc,185.31815222687402,20.2819019474965,256.1084822957906,80.28139207393836,20.3903,2020-01-25 13:20:53.092000,2020-01-25 00:00:00,None,,,0.023
2019aaac,170.579560303146,14.200137500983699,240.3574247019002,65.53820751805868,20.3455,2019-12-24 15:02:52,2020-01-25 00:00:00,None,,,0.027999999999999997
10AYSEarn,170.614918641732,11.459084384728598,245.4824684860771,63.88618219552086,19.9402,2020-01-25 14:34:56.758000,2020-01-25 00:00:00,None,,,0.025
10AYSEarf,170.592743477654,11.5185480459494,245.34718703931833,63.907752682747066,20.53,2020-01-25 14:34:56.758000,2020-01-25 00:00:00,None,,,0.025
10AYSEarj,170.45642752145798,10.506397837079,246.87485374485516,63.14701746320767,20.6407,2020-01-25 14:34:56.758000,2020-01-25 00:00:00,None,,,0.021
10AYSEarh,170.776921495531,11.956186761582801,244.83953354954835,64.3260083397097,20.9419,2020-01-25 14:35:35.171000,2020-01-25 00:00:00,None,,,0.028999999999999998
10AYSEarq,170.5695245576,14.622039820346698,239.50590473505204,65.7724881089229,20.4396,2020-01-25 14:35:35.171000,2020-01-25 00:00:00,None,,,0.023
2019aaao,171.783137454431,14.073768623857699,242.29954679497652,66.40598240070567,20.8454,2019-12-24 15:05:45,2020-01-25 00:00:00,None,,,0.024
10AYSEarg,174.34092103337602,11.289465085075,251.65953021325944,66.46872551476903,21.0827,2020-01-21 13:33:43.587000,2020-01-25 00:00:00,None,,,0.024
10AYSEarp,173.80227238608398,10.804442235675099,251.58502365767262,65.75190993449031,21.1256,2020-01-25 14:36:16.525000,2020-01-25 00:00:00,None,,,0.023
10AYSEasl,173.72466866046398,11.3854688875789,250.43730409284433,66.1044140175436,20.7844,2020-01-25 14:36:16.525000,2020-01-25 00:00:00,None,,,0.023
2019aaan,172.658943399432,10.4480609717704,250.31242976218138,64.70047645925312,19.8155,2019-12-27 15:30:14,2020-01-25 00:00:00,None,,,0.033
2020alx,174.64598391998902,10.3372966424307,253.83765882402884,65.9934710912097,20.2617,2020-01-21 13:30:43,2020-01-21 00:00:00,None,,,0.037000000000000005
10AYSEarm,173.81508533793098,12.1151997553812,249.2650416592984,66.67000986366958,20.8719,2020-01-25 14:36:54.826000,2020-01-25 00:00:00,None,,,0.026000000000000002
10AYSEahm,200.295822234384,35.291590395038206,86.88050620426374,79.65921040297488,19.7639,2020-01-21 15:44:17.206000,2020-01-21 00:00:00,None,,,0.006999999999999999
10AYSEart,202.121457811809,35.738280835084296,82.72109923144673,78.32525639549117,21.1576,2020-01-25 14:43:18.508000,2020-01-25 00:00:00,None,,,0.009000000000000001
10AYSEarz,202.330767221838,34.7318732412961,78.39273773701997,78.88334071287268,20.3195,2020-01-25 14:43:18.508000,2020-01-25 00:00:00,None,,,0.013000000000000001
10AYSEare,206.242275279171,30.9786985573735,54.33197572026624,77.69385527793413,20.9574,2020-01-25 14:44:00.390000,2020-01-25 00:00:00,None,,,0.011000000000000001
10AYSEarl,204.50116950467202,33.8967356213507,69.80671892310562,77.91384145221171,19.7308,2020-01-25 14:44:41.366000,2020-01-25 00:00:00,None,,,0.01
10AYSEaro,209.88225831438,34.803899429063,64.89101968312617,73.54115911375126,20.5236,2020-01-25 14:46:00.212000,2020-01-25 00:00:00,None,,,0.009000000000000001
10AYSEari,209.467965877493,35.190317019211605,66.63287952327421,73.69329748624057,19.8604,2020-01-25 14:46:00.212000,2020-01-25 00:00:00,None,,,0.013999999999999999
10AYSEark,219.16791129534099,38.888799352728,67.8237742683801,65.1287505563034,20.9009,2020-01-20 15:41:25.970000,2020-01-25 00:00:00,None,,,0.009000000000000001
10AYSEajt,225.175078571232,40.0808123438458,67.15164741642324,60.35259344361197,20.25,2020-01-20 15:42:43.363000,2020-01-20 00:00:00,None,,,0.013000000000000001
10AYSEaru,216.06717348223899,37.669264734556705,67.15235048250005,67.83786619135522,20.3985,2020-01-25 14:52:43.142000,2020-01-25 00:00:00,None,,,0.009000000000000001
10AYSEars,216.21651634271197,41.9021389202806,76.71630395049714,65.87514433254917,20.322,2020-01-25 14:53:20.349000,2020-01-25 00:00:00,None,,,0.008
10AYSEary,221.72827707818902,38.6503067458199,65.83944654606756,63.31277903823657,20.7942,2020-01-20 15:41:25.970000,2020-01-25 00:00:00,None,,,0.01
10AYSEara,237.483819775886,19.5605408251705,32.253639663576024,48.55032616242155,20.1584,2020-01-20 15:35:34.674000,2020-01-25 00:00:00,None,,,0.038
10AYSEarc,236.35607557630698,17.090067643801802,28.185552127799774,48.686219847293096,21.1278,2020-01-20 15:34:57.464000,2020-01-25 00:00:00,None,,,0.032
10AYSEaqr,236.063751489117,20.3253573175746,32.70510577582393,50.06037783800514,20.6458,2020-01-20 15:35:34.674000,2020-01-25 00:00:00,None,,,0.039
10AYSEaqx,240.535730382851,18.2586363868288,31.893629120191665,45.392807878848444,20.4903,2020-01-20 15:32:17.038000,2020-01-25 00:00:00,None,,,0.047
10AYSEaqq,239.104162375597,20.026647524065897,33.64966637314173,47.25957047029428,20.5959,2020-01-20 15:36:49.077000,2020-01-25 00:00:00,None,,,0.043
10AYSEaqw,243.907503452963,18.3766754801289,33.59457384449072,42.43318571113633,20.5137,2020-01-20 15:37:26.565000,2020-01-25 00:00:00,None,,,0.044000000000000004
10AYSEaqz,242.279836410397,16.715694584155,30.719318511660962,43.285065948610715,20.7735,2020-01-20 15:37:26.565000,2020-01-25 00:00:00,None,,,0.040999999999999995
10AYSEaqu,242.442163589465,19.365923348837303,34.224783489478384,44.07345860539782,20.1209,2020-01-20 15:38:03.853000,2020-01-25 00:00:00,None,,,0.032
2020axi,29.3287791666667,21.895444444444397,142.55922008437818,-38.45253903443431,19.2862434387207,2020-01-08 03:55:25,2020-01-23 02:25:09,None,0.065,,0.0782
2020agd,10.5885208333333,29.6858944444444,120.57560131831441,-33.14428957292118,18.658954620361303,2020-01-16 03:27:18.999000,2020-01-16 03:27:19,SN Ia,0.001,0.07,0.05
2020ayn,18.0411916666667,36.5403944444444,127.56835570551587,-26.144689831240512,19.4056,2020-01-26 02:55:55,2020-01-26 02:55:55,None,0.077,,0.0596
2020bam,121.307770833333,40.840086111111106,179.55230230517728,30.7476992506543,19.0863571166992,2020-01-23 06:25:57,2020-01-23 06:25:57,None,,,0.0491
2020bhq,105.772016666667,50.8953194444444,165.91073081026278,22.48020134473963,19.973333358764602,2020-01-16 03:43:24,2020-01-16 03:43:24,None,,,0.0558
2020adw,163.352983333333,75.9390333333333,131.80026356148102,39.087263853819316,18.1201782226562,2019-07-07 04:49:30.996000,2020-01-16 09:50:07,None,0.095,,0.0522
2020bgc,142.339375,32.699236111111105,192.89929332582287,46.262761871720635,19.8221817016602,2020-01-16 04:53:30,2020-01-16 04:53:30,None,,,0.0148
2020ayq,162.066704166667,48.4274555555556,162.85875849824723,58.04247679903655,20.052,2020-01-26 07:03:45,2020-01-26 07:03:45,None,,,0.0137
2020azy,156.114641666667,50.11382777777779,163.46875040086834,53.82384101942774,20.5571,2020-01-26 07:09:50,2020-01-26 07:09:50,None,0.5820000000000001,,0.0093
2020azz,155.963079166667,51.8488,160.93704822185546,52.963275211430904,19.8201751708984,2020-01-26 07:10:29,2020-01-26 07:10:29,None,0.003,,0.0114
2020axq,174.197558333333,69.4404555555556,132.29392285307816,46.30728840985963,18.85,2020-01-26 07:11:53,2020-01-26 07:11:53,None,0.019,,0.0096
2020axp,173.26055833333302,66.36145,134.74497533505408,48.929639365685524,18.5951824188232,2020-01-26 07:11:53,2020-01-26 07:11:53,None,0.009000000000000001,,0.0095
2020ago,142.164475,55.1766416666667,160.92715671659568,44.12768044214092,18.3731937408447,2020-01-18 09:49:09.998000,2020-01-19 08:44:13,None,0.136,,0.0174
2020ayu,135.330479166667,38.059591666666705,184.75021919205943,41.09570165016194,20.6385,2020-01-26 08:14:35,2020-01-26 08:14:35,None,,,0.0223
2020ayv,151.855633333333,34.0070638888889,191.59081769408812,54.27224684523515,19.3473720550537,2020-01-26 08:19:27,2020-01-26 08:19:27,None,0.003,,0.0108
2020bak,141.2347,43.330491666666695,177.5627509763992,45.626844741423916,20.307443618774396,2020-01-23 10:08:34,2020-01-23 10:08:34,None,0.011000000000000001,,0.0125
2020ayw,207.50918333333303,73.9502611111111,117.48530762104771,42.552677744756025,19.012999999999998,2020-01-26 08:55:24,2020-01-26 08:55:24,None,0.04,,0.0167
2020awx,147.069570833333,42.9862638888889,177.4162920074309,49.89506558677397,20.4853763580322,2020-01-23 07:37:14,2020-01-23 07:37:14,None,,,0.011000000000000001
2020ayx,170.117995833333,26.953475,208.19592308858896,69.77163550426468,19.9437522888184,2020-01-26 09:03:26,2020-01-26 09:03:26,None,,,0.0158
2020ayy,158.22501666666702,50.5181055555556,161.7998947935003,54.83999912470585,20.4001,2020-01-26 09:18:41,2020-01-26 09:18:41,None,0.032,,0.0154
10AYSEavb,113.419211474731,39.0380889791175,179.94402162301395,24.44876760394738,20.5797,2020-01-26 09:42:50.080000,2020-01-26 00:00:00,None,,,0.051
10AYSEaux,113.65458676185699,38.563690657251705,180.50066753137224,24.493662639127002,20.5583,2020-01-26 09:42:50.080000,2020-01-26 00:00:00,None,,,0.05
10AYSEauz,114.40975507489401,38.219653097886294,181.04435642852724,24.96782467263321,20.0646,2020-01-26 09:42:50.080000,2020-01-26 00:00:00,None,,,0.057999999999999996
10AYSEava,112.161483589702,39.64348473279821,179.00951594258117,23.684189241551024,20.8035,2020-01-26 09:42:50.080000,2020-01-26 00:00:00,None,,,0.051
10AYSEauv,117.573783151941,38.181019251631795,181.80588716520603,27.358707774089986,20.6399,2020-01-26 09:44:05.228000,2020-01-26 00:00:00,None,,,0.038
10AYSEauq,117.55665204215,38.2027251414659,181.77846834251932,27.35100261436807,20.4087,2020-01-26 09:44:05.228000,2020-01-26 00:00:00,None,,,0.037000000000000005
10AYSEavd,114.985109063897,39.751530833741604,179.5406661267658,25.80520616993664,20.7955,2020-01-26 09:44:05.228000,2020-01-26 00:00:00,None,,,0.044000000000000004
10AYSEavc,117.585215561288,41.2926617723986,178.3893871368673,28.09159499336339,20.1724,2020-01-26 09:44:42.688000,2020-01-26 00:00:00,None,,,0.04
10AYSEauy,119.528386726128,39.1090293304159,181.1863834551544,29.059735230986576,20.379,2020-01-26 09:45:21.567000,2020-01-26 00:00:00,None,,,0.044000000000000004
10AYSEauw,119.882445110506,38.5682287491958,181.86006103350553,29.208911246173205,20.563000000000002,2020-01-26 09:45:21.567000,2020-01-26 00:00:00,None,,,0.040999999999999995
2020bgp,132.875766666667,39.2305111111111,183.0002595652228,39.29022453057699,21.44,2020-01-26 10:07:40,2020-01-26 10:07:40,None,,,0.026000000000000002
10AYSEauh,134.59902119017,27.939682175745002,197.66431515055405,38.848429289146445,20.0385,2020-01-26 12:15:08.142000,2020-01-26 00:00:00,None,,,0.024
2020aqp,132.925158045824,28.001224526637998,197.13824655274894,37.42784455888425,20.1275,2020-01-22 12:31:40,2020-01-22 00:00:00,None,,,0.035
2020ape,134.3227329156,26.2475103802905,199.6822434881995,38.19155746310437,20.9468,2020-01-22 12:31:40,2020-01-22 00:00:00,None,,,0.027000000000000003
10AYSEauk,137.87718311901898,25.015412187492103,202.30652568142153,40.96613695589891,20.6893,2020-01-26 12:15:45.641000,2020-01-26 00:00:00,None,,,0.042
10AYSEauj,137.678980735538,24.7916685697579,202.5293473253194,40.7338197462259,20.7867,2020-01-26 12:15:45.641000,2020-01-26 00:00:00,None,,,0.027999999999999997
10AYSEaub,137.85845403274598,24.5579545256629,202.88422334348365,40.82874888024383,20.6063,2020-01-26 12:15:45.641000,2020-01-26 00:00:00,None,,,0.035
10AYSEauc,137.750829947385,27.9735665670119,198.44975744119358,41.56721173840909,20.8485,2020-01-26 12:16:25.529000,2020-01-26 00:00:00,None,,,0.023
10AYSEaud,138.371009097953,28.5361612759383,197.86788021530026,42.22091971838367,20.9167,2020-01-26 12:16:25.529000,2020-01-26 00:00:00,None,,,0.023
10AYSEamj,138.367926355994,28.1067174384898,198.43356487711014,42.12778112636892,20.3854,2020-01-22 12:33:27.372000,2020-01-26 00:00:00,None,,,0.019
10AYSEaug,140.536736078765,24.128833078581902,204.31442418801063,43.0664510313259,20.824,2020-01-26 12:17:03.033000,2020-01-26 00:00:00,None,,,0.027000000000000003
10AYSEauo,140.769185039526,24.8239592582565,203.46803440316734,43.451185559741134,20.1809,2020-01-26 12:17:03.033000,2020-01-26 00:00:00,None,,,0.027999999999999997
10AYSEaul,140.714540603817,24.783843070246895,203.50408890450055,43.39301285383474,20.2544,2020-01-26 12:17:03.033000,2020-01-26 00:00:00,None,,,0.027999999999999997
10AYSEaui,141.135279162898,25.173045069129802,203.11579353688325,43.85984690493298,20.4985,2020-01-26 12:17:03.033000,2020-01-26 00:00:00,None,,,0.025
10AYSEauf,141.469347031488,24.9888963491672,203.4680038746908,44.10729883136866,20.4226,2020-01-26 12:17:03.033000,2020-01-26 00:00:00,None,,,0.025
10AYSEaun,140.610798441647,27.7752551375763,199.44888328535563,43.994773971651966,20.4877,2020-01-26 12:17:43.950000,2020-01-26 00:00:00,None,,,0.019
10AYSEaua,140.859477273459,27.974035274223,199.24085757486955,44.25077581286458,20.1624,2020-01-26 12:17:43.950000,2020-01-26 00:00:00,None,,,0.02
2020aqt,186.20014661819,7.98788744303793,283.46174215453425,69.84631726532683,20.758000000000003,2020-01-20 13:35:02,2020-01-22 00:00:00,None,,,0.02
10AYSEatf,141.498755119881,34.7011285327441,189.93158177312827,45.76355383918409,20.2556,2020-01-26 13:54:54.919000,2020-01-26 00:00:00,None,,,0.018000000000000002
10AYSEatp,138.581214514575,30.9204079612961,194.73670026974736,42.84969851779107,20.4288,2020-01-26 13:54:16.723000,2020-01-26 00:00:00,None,,,0.017
10AYSEatr,143.83456605991,35.711732048111,188.6381139162028,47.73289499800042,20.3419,2020-01-26 13:56:09.451000,2020-01-26 00:00:00,None,,,0.013000000000000001
10AYSEatc,143.867714262836,35.7960053530659,188.51461798050988,47.763397788328646,20.7823,2020-01-26 13:56:09.451000,2020-01-26 00:00:00,None,,,0.013999999999999999
10AYSEatt,142.71071180437,35.0807219274756,189.49196520209344,46.783345522922815,20.8527,2020-01-26 13:56:09.451000,2020-01-26 00:00:00,None,,,0.011000000000000001
10AYSEavf,147.635669467115,31.6059407794706,195.23647630361634,50.60991208912341,17.910999999999998,2020-01-26 13:56:46.436000,2020-01-26 00:00:00,None,,,0.018000000000000002
2020azx,145.968455818706,32.164061273354896,194.16491186487133,49.25350856741427,20.3847,2020-01-26 13:56:38,2020-01-26 00:00:00,None,,,0.016
10AYSEatw,145.807018690944,35.0921563733351,189.67169374301167,49.314085086528756,20.347,2020-01-26 13:57:24.305000,2020-01-26 00:00:00,None,,,0.01
10AYSEatk,146.960097996597,35.7520312215126,188.68655484073682,50.27008646979467,20.7078,2020-01-26 13:57:24.305000,2020-01-26 00:00:00,None,,,0.011000000000000001
2020apf,189.822341758839,-1.50732771047238,296.61686936620276,61.21537229346794,19.291,2020-01-22 14:02:13.027000,2020-01-22 00:00:00,None,,,0.026000000000000002
10AYSEasy,195.65978982472802,-1.05797000052338,308.8429398405066,61.685153622121206,20.3699,2020-01-26 14:08:04.475000,2020-01-26 00:00:00,None,,,0.019
10AYSEatv,191.822770417686,-3.9242025298750196,300.92746146293655,58.93140478479501,19.0372,2020-01-26 14:04:58.610000,2020-01-26 00:00:00,None,,,0.022000000000000002
10AYSEats,190.384870367029,-1.28790688914794,297.74427975219044,61.484098552961775,20.4682,2020-01-26 14:05:35.819000,2020-01-26 00:00:00,None,,,0.025
2020azq,190.231237009453,-1.60700656923167,297.4802405226576,61.153410279880184,20.4458,2020-01-26 14:05:16,2020-01-26 00:00:00,None,,,0.027000000000000003
10AYSEasq,193.76594164831602,-4.352621407258621,304.662318308502,58.50694343220821,20.6582,2020-01-26 14:06:12.966000,2020-01-26 00:00:00,None,,,0.02
2020azw,193.673156816035,-4.28700421634794,304.48831326158177,58.57490739401159,19.6527,2020-01-22 14:06:40.288000,2020-01-26 00:00:00,None,,,0.02
10AYSEatm,192.389257648511,-0.8942155165436371,301.9312707510451,61.97387760677873,20.5482,2020-01-26 14:06:49.936000,2020-01-26 00:00:00,None,,,0.025
10AYSEast,196.57434802483897,-4.40273575898345,309.98663605435803,58.26532656702795,20.4124,2020-01-26 14:07:27.095000,2020-01-26 00:00:00,None,,,0.027999999999999997
2020azo,193.737133376404,5.3958030406097,305.29062947329845,68.2514713042524,21.15,2020-01-26 14:15:21,2020-01-26 00:00:00,None,,,0.027999999999999997
10AYSEaet,196.724100987811,3.89433537175548,312.630474866822,66.4745541191341,19.9848,2020-01-19 14:34:51.948000,2020-01-19 00:00:00,None,,,0.024
10AYSEath,191.92425597782102,1.95468330936622,300.73541500001176,64.81047536134035,20.461,2020-01-26 14:13:55.329000,2020-01-26 00:00:00,None,,,0.02
10AYSEafd,193.925517565504,1.7570024143062402,305.4174558313852,64.60816908301648,20.1202,2020-01-19 14:33:37.151000,2020-01-19 00:00:00,None,,,0.016
10AYSEatq,193.573953290845,5.90479845511534,304.8944811378248,68.76565503886715,20.1728,2020-01-26 14:15:49.789000,2020-01-26 00:00:00,None,,,0.027000000000000003
10AYSEati,196.785351296032,2.83164911803272,312.39202091011583,65.41455534425442,19.7345,2020-01-26 14:16:27.082000,2020-01-26 00:00:00,None,,,0.024
10AYSEatu,196.398860932492,2.8023921642208798,311.4629951648709,65.43936713879701,20.3535,2020-01-26 14:16:27.082000,2020-01-26 00:00:00,None,,,0.023
10AYSEatd,196.662414917934,2.78663482565469,312.08453804791145,65.38770411104096,20.3819,2020-01-26 14:16:27.082000,2020-01-26 00:00:00,None,,,0.024
2020apd,196.036658981162,18.3799923943945,322.0858781313518,80.77554341321846,19.5177,2020-01-19 14:26:52,2020-01-22 00:00:00,None,,,0.026000000000000002
2020azl,192.69380461303,18.828439607311896,301.8457617521273,81.69878957000962,21.0919,2020-01-26 14:22:33,2020-01-26 00:00:00,None,,,0.016
2020ani,192.369264542233,20.6665963819599,298.86260187821705,83.52284531027308,20.2362,2020-01-19 14:26:35.683000,2020-01-19 00:00:00,None,,,0.022000000000000002
10AYSEasz,195.15745127501899,16.4250495470536,314.6532298978709,79.08703789484179,20.3295,2020-01-26 14:24:38.664000,2020-01-26 00:00:00,None,,,0.02
10AYSEatn,195.13761078772998,19.523154572117697,318.77669427333547,82.11307330059549,20.1153,2020-01-26 14:25:20.877000,2020-01-26 00:00:00,None,,,0.025
2020ari,351.187966666667,43.2914805555556,106.62373775080651,-16.818340023028096,19.480060577392603,2020-01-24 02:50:33,2020-01-24 02:50:33,None,0.0,,0.1882
2020bas,348.84934166666704,45.4516388888889,105.80774207597872,-14.202756200352574,19.2840747833252,2020-01-24 02:55:09,2020-01-24 02:55:09,None,0.02,,0.1813
ZTF20aaivial,52.099630600000005,-3.4461382000000005,187.5911985877032,-45.680897156790486,20.4062614440918,2020-01-27 02:58:59.002000,2020-01-27 02:58:59.002000,None,,,0.03
10AYSEamq,52.5736510907875,-2.20833662797316,186.585148845459,-44.561772922252175,20.7634334564209,2020-01-24 06:52:11.229000,2020-01-24 00:00:00,None,,,0.05
2020bax,3.43945,35.542855555555604,114.35876400623218,-26.70084767263732,19.0321311950684,2020-01-24 03:04:55.998000,2020-01-24 03:04:56,None,0.034,,0.0495
2020bag,167.9435375,75.8348194444444,130.63986859045028,39.76532104475246,19.2745761871338,2020-01-25 06:51:58,2020-01-25 06:51:58,None,0.003,,0.0377
2020zo,110.31402083333299,55.890075,161.24658590101026,26.250051468787937,17.430196762085,2020-01-16 03:58:21,2020-01-16 03:58:21,None,0.05,,0.063
2020bhb,113.512041666667,46.2927888888889,172.1822874994396,26.31453036530324,19.697195053100604,2020-01-16 03:56:24,2020-01-16 03:56:24,None,0.01,,0.0812
2020bhi,146.616608333333,57.927138888888905,156.10482045570947,45.49809862073017,20.3834323883057,2020-01-19 09:30:27,2020-01-19 09:30:27,None,,,0.0104
2020apx,166.844783333333,59.6912305555555,144.44495883058957,52.87247738998277,19.9034595489502,2020-01-23 09:47:23,2020-01-23 09:47:23,None,,,0.0062
2020bfi,139.379941666667,26.6489305555556,200.6291616803472,42.67950654726279,19.8069953918457,2020-01-18 09:14:49,2020-01-18 09:14:49,None,,,0.0298
2020bex,139.36985833333299,26.6695527777778,200.5990378186033,42.67550476075433,20.1469955444336,2020-01-18 09:14:49,2020-01-18 09:14:49,None,,,0.0296
2020bge,141.142866666667,39.1040305555556,183.61108949048634,45.6829834538352,20.2694778442383,2020-01-19 08:49:06,2020-01-19 08:49:06,None,0.013999999999999999,,0.0113
2020bdk,146.14372916666701,27.152758333333303,201.75514456606697,48.68049612477698,19.3697,2020-01-27 07:12:20,2020-01-27 07:12:20,None,0.12300000000000001,,0.0178
2020baf,164.048633333333,55.633825,151.0491545645728,54.7442666746856,19.3278961181641,2020-01-25 08:51:52,2020-01-25 08:51:52,None,,,0.0077
2020aws,173.882604166667,53.8026055555556,145.4355422667323,59.883396248795144,19.5786361694336,2020-01-23 10:16:59,2020-01-23 10:16:59,None,0.045,,0.0114
ZTF20aajbiyq,135.7296238,-1.7777015,231.06760289500022,27.9467951605165,17.8796367645264,2020-01-27 07:59:16.002000,2020-01-27 07:59:16.002000,None,,,0.017
2020aww,132.970646003743,50.4113982214409,168.51955872568405,39.48925574234326,20.4733,2020-01-22 11:12:28,2020-01-25 00:00:00,None,,,0.022000000000000002
10AYSEavx,126.640808648046,50.3134170699252,168.77232805971215,35.45627902224225,20.5634,2020-01-27 09:42:15.965000,2020-01-27 00:00:00,None,,,0.036000000000000004
2019aaaf,128.477575083831,48.863185700281896,170.58829728696023,36.62444630689579,19.9808,2018-12-03 11:38:37.997000,2020-01-19 00:00:00,None,,,0.028999999999999998
10AYSEavv,131.35284300018802,45.1025986981847,175.37991488431817,38.512685969958284,20.3415,2020-01-27 09:42:53.834000,2020-01-27 00:00:00,None,,,0.026000000000000002
10AYSEavy,131.624065469328,48.5331891669702,170.9897121545012,38.70296306761448,20.9035,2020-01-27 09:43:30.826000,2020-01-27 00:00:00,None,,,0.028999999999999998
10AYSEavz,131.403972109907,48.1840694803224,171.44036927392233,38.56387895720365,20.5309,2020-01-27 09:43:30.826000,2020-01-27 00:00:00,None,,,0.024
10AYSEavw,130.299200208729,47.939899835524905,171.75821867580646,37.82742367055142,20.5865,2020-01-22 11:11:19.061000,2020-01-27 00:00:00,None,,,0.022000000000000002
10AYSEawa,133.05971180568,48.7214987795613,170.7037829606564,39.64461206322992,20.2763,2020-01-27 09:44:47.333000,2020-01-27 00:00:00,None,,,0.025
2020bdd,161.450316666667,47.2031666666667,165.26646790793498,58.281618340857705,20.524856567382802,2020-01-27 10:14:17,2020-01-27 10:14:17,None,0.0,,0.0119
2020avh,150.444191666667,23.51735,208.63692412602916,51.66803544227581,20.3359222412109,2020-01-25 07:53:22,2020-01-25 07:53:22,None,0.001,,0.027000000000000003
2020aqf,260.9760625,77.0591083333333,108.86458475039827,31.24434419943144,19.3620758056641,2020-01-23 10:44:49,2020-01-23 10:44:49,None,0.006999999999999999,,0.0336
2020aan,258.20404166666697,79.0615416666667,111.29942994377454,31.208173543842022,18.3846168518066,2020-01-16 11:13:58,2020-01-16 11:13:58,None,,,0.0415
2020bfr,180.718991666667,60.7618083333333,133.3471734682152,55.37360828137075,20.189838409423803,2020-01-19 09:47:48,2020-01-19 09:47:48,None,,,0.0137
2020bdx,105.294916666667,36.0598888888889,180.75265118775047,17.39627932885454,19.378,2020-01-25 04:09:27,2020-01-25 04:09:27,None,,,0.0699
2020atv,151.274924464285,-12.1265928940572,251.66087219660866,33.71393339041336,18.6094,2020-01-18 13:57:31.024000,2020-01-20 00:00:00,None,,0.0766,0.047
10AYSEavn,143.313351090994,-10.7425069779356,244.3447991311547,28.83851307737206,20.3756,2020-01-24 10:25:25.733000,2020-01-27 00:00:00,None,,,0.034
10AYSEavo,147.655524747382,-8.44702345433919,245.51056908035335,33.5929020199631,20.3266,2020-01-27 11:00:54.476000,2020-01-27 00:00:00,None,,,0.034
10AYSEavt,147.791227856402,-8.4652272015192,245.63235486321366,33.68272330070673,20.4404,2020-01-27 11:00:54.476000,2020-01-27 00:00:00,None,,,0.035
10AYSEavm,149.822603340317,-11.2173637286777,249.69077580735782,33.324141323317,20.022000000000002,2020-01-27 11:01:31.878000,2020-01-27 00:00:00,None,,,0.049
10AYSEavk,149.604985860499,-11.2227672576646,249.52042315561658,33.16509650144889,19.5625,2020-01-27 11:01:31.878000,2020-01-27 00:00:00,None,,,0.044000000000000004
2020ann,150.697742944413,3.59956202766667,235.7214505446396,43.39569212553126,18.8832,2020-01-21 11:19:31.686000,2020-01-21 00:00:00,None,,,0.018000000000000002
10AYSEavq,149.471693244874,5.87454722651474,232.17551110288693,43.63381173805597,20.3041,2020-01-27 11:08:34.943000,2020-01-27 00:00:00,None,,,0.025
10AYSEavp,149.48581600507,5.864807291374099,232.19727018536807,43.64046352673156,19.9463,2020-01-27 11:08:34.943000,2020-01-27 00:00:00,None,,,0.026000000000000002
10AYSEavu,152.414183019521,2.4487254785931,238.3981875494537,44.12031465471204,19.9718,2020-01-27 11:09:12.104000,2020-01-27 00:00:00,None,,,0.034
10AYSEavr,152.684253687348,2.8162546730980003,238.20831269282203,44.55553795016592,20.3277,2020-01-27 11:09:12.104000,2020-01-27 00:00:00,None,,,0.027000000000000003
10AYSEavs,155.807167463443,5.91628418664093,237.20255015353942,48.89483389226789,20.1996,2020-01-27 11:11:04.300000,2020-01-27 00:00:00,None,,,0.02
2020aek,246.035295833333,81.1142555555555,114.52960633946007,32.20204274928826,17.653699874877898,2020-01-13 12:46:15.004000,2020-01-18 12:48:50,None,,,0.0346
2020amb,161.89008032918102,-4.02533277142461,254.328529940314,46.82120556356669,20.5487,2020-01-21 11:31:12,2020-01-21 00:00:00,None,,,0.036000000000000004
2020bck,268.61605,58.177480555555604,86.6829794377593,30.192438758929985,19.47,2020-01-25 12:47:13,2020-01-25 12:47:13,None,,,0.0401
2020ahd,194.2482358,19.7039481,312.9555405567285,82.4673521909051,19.9455337524414,2020-01-19 11:35:24,2020-01-19 11:35:24,None,0.023,,0.0194
2020aly,208.041170638932,32.4369446685447,58.54377090931933,75.81189529862709,19.7508277893066,2020-01-18 15:38:52,2020-01-21 00:00:00,None,,,0.011000000000000001
2020are,192.25348966895,12.4566481248423,300.59677903239384,75.31740431911481,20.539,2020-01-24 14:29:24.818000,2020-01-24 00:00:00,None,,,0.034
10AYSEavj,188.387564773209,9.804519618998642,288.3999129670047,72.16971922735323,19.8878,2020-01-27 13:57:45.955000,2020-01-27 00:00:00,None,,,0.018000000000000002
10AYSEavi,185.522827192072,9.83264844339266,279.73585493046505,71.37053850387204,20.0397,2020-01-27 13:58:26.332000,2020-01-27 00:00:00,None,,,0.02
10AYSEagr,183.934360531601,12.1289811221705,272.0289118041354,72.82235184695783,19.9568,2020-01-20 13:38:16.630000,2020-01-20 00:00:00,None,,,0.026000000000000002
10AYSEarb,237.92291568013303,20.8620460010783,34.31619631949117,48.572367567692126,20.1172,2020-01-20 15:35:34.674000,2020-01-25 00:00:00,None,,,0.044000000000000004
10AYSEajs,240.00827893625,21.0597933512391,35.47705563606666,46.77778094974022,20.1951,2020-01-20 15:32:54.549000,2020-01-20 00:00:00,None,,,0.059000000000000004
10AYSEajn,242.843432152655,16.2411798309596,30.394519252829465,42.60630179358108,20.3507,2020-01-20 15:33:32.187000,2020-01-20 00:00:00,None,,,0.047
2020bdw,93.9370375,47.963675,165.9723594338169,14.255137816983167,19.4851322174072,2020-01-23 05:14:26.002000,2020-01-27 05:10:27,None,0.132,,0.1322
2020bah,135.226029166667,58.8572638888889,157.43623758534787,39.54394527920969,20.359083175659197,2020-01-24 05:49:13,2020-01-24 05:49:13,None,0.0,,0.0447
ZTF20aahjlxg,126.53773259999998,47.098961700000004,172.70786432680632,35.26294469467984,19.8709926605225,2020-01-28 05:17:36.997000,2020-01-28 05:17:36.997000,None,,,0.027999999999999997
2020axc,130.307154166667,32.0917388888889,191.5236219560248,36.14277579228034,19.995698928833,2020-01-23 05:12:54,2020-01-23 05:12:54,None,0.019,,0.0348
2020amv,132.419491666667,30.187363888888896,194.32975764436063,37.50286741414692,17.4458866119385,2020-01-23 05:12:53,2020-01-23 05:12:53,None,,,0.0315
2020ady,145.9862625,49.870586111111095,167.37861992846547,47.797097803567986,17.6822452545166,2020-01-15 08:16:15,2020-01-15 08:16:15,SN Ia,0.001,0.064,0.0145
2020bgk,174.116125,72.12835277777779,130.78962263334958,43.83794661300202,19.809684753418,2020-01-18 09:49:58,2020-01-18 09:49:58,None,0.022000000000000002,,0.0168
2020amx,148.570675,51.681269444444396,164.0564539546949,48.8304465627769,17.7994022369385,2020-01-23 07:00:27,2020-01-23 07:00:27,None,0.042,,0.0076
2020apw,141.012061420662,28.814987396424304,198.12353330698764,44.54730951830392,20.0894336700439,2020-01-22 12:34:33,2020-01-22 00:00:00,None,,,0.018000000000000002
2020bhk,159.751654166667,66.9341944444444,140.665641516893,45.36571835640857,20.0423183441162,2020-01-16 10:07:35,2020-01-16 10:07:35,None,,,0.0167
2020bhe,150.532183333333,39.624641666666705,182.233259921155,52.90209656687284,20.367883682251,2020-01-23 09:42:07,2020-01-23 09:42:07,None,,,0.0105
10AYSEawj,48.9156777112199,-2.4167073852527996,183.57427228448645,-47.568926608412205,20.055999999999997,2020-01-28 07:33:26.649000,2020-01-28 00:00:00,None,,,0.084
2019aaaj,49.4988285862092,-1.9059579727521003,183.53175625053606,-46.79458238039991,19.2251,2019-11-26 10:45:07,2020-01-24 00:00:00,None,,,0.07200000000000001
2020agv,55.424834951985396,-3.9229914172359703,190.82227266968636,-43.24679990455003,19.8605,2020-01-14 03:32:20,2020-01-18 00:00:00,None,,,0.057
10AYSEawi,113.38694668646099,38.7741912092157,180.21478956626282,24.351459141005797,20.0891,2020-01-28 07:43:05.528000,2020-01-28 00:00:00,None,,,0.054000000000000006
2020awy,153.856916666667,33.620508333333305,192.26385245290297,55.93535569047509,20.003574371337898,2020-01-23 07:34:36,2020-01-23 07:34:36,None,0.069,,0.0138
2020aqm,119.862637199225,38.5849498262024,181.83743993824487,29.197531785154652,20.0279,2020-01-19 10:13:26,2020-01-22 00:00:00,None,,,0.040999999999999995
2020bal,150.065495833333,55.164347222222204,158.6667211987792,48.358823080159766,20.1384506225586,2020-01-23 07:43:21,2020-01-23 07:43:21,None,0.0,,0.0092
2020bgz,182.89319166666698,63.7391194444444,130.21199752894893,52.822008089813124,19.6355304718018,2020-01-19 09:47:48,2020-01-19 09:47:48,None,0.004,,0.0141
2020bgl,169.731229166667,48.2350444444444,157.16354806478444,62.28431002034,20.0114574432373,2020-01-18 08:45:22,2020-01-18 08:45:22,None,0.005,,0.0095
2020baj,168.8302,49.7968805555556,155.53809276118957,60.80478301482044,20.3206062316895,2020-01-23 10:17:38,2020-01-23 10:17:38,None,,,0.0157
10AYSEawf,133.618434889426,-6.07834917138584,233.8220271800819,23.848648854178467,20.2462,2020-01-28 10:36:50.228000,2020-01-28 00:00:00,None,,,0.022000000000000002
10AYSEawd,132.646566509175,0.970392646398134,226.62459884687073,26.729945873739656,20.5552,2020-01-28 10:37:27.590000,2020-01-28 00:00:00,None,,,0.031
10AYSEawg,136.94003408925,-6.075772972823611,235.8541762643798,26.59285287178233,20.3557,2020-01-28 10:38:05.787000,2020-01-28 00:00:00,None,,,0.021
10AYSEawe,136.85551162880898,-6.06438229279446,235.79050763614416,26.52999788387281,20.6343,2020-01-28 10:38:05.787000,2020-01-28 00:00:00,None,,,0.02
2020awr,195.2211625,62.7959277777778,121.0819962741457,54.298379807617756,19.120193481445302,2020-01-23 10:49:41,2020-01-23 10:49:41,None,,,0.0121
10AYSEaee,178.395027557375,18.207911512331396,243.71207103153301,73.96793020877581,19.4915,2020-01-18 13:30:00.966000,2020-01-18 00:00:00,None,,,0.025
2020ask,220.199179166667,67.8770944444444,108.49708567298916,46.06604130421559,19.7947559356689,2020-01-24 13:11:50,2020-01-24 13:11:50,None,,,0.0274
10AYSEalh,184.56639631638402,20.5991767163101,251.90916742794525,79.99839045087383,20.7215,2020-01-23 13:31:36.840000,2020-01-23 00:00:00,None,,,0.024
2020aox,182.119593484148,16.9385816424744,256.4485171358521,75.76939771409941,20.2506,2020-01-18 13:30:43,2020-01-23 00:00:00,None,,,0.036000000000000004
10AYSEaic,186.329364847582,17.447095170959,269.6601783304215,78.59398566005113,20.6402,2020-01-21 13:40:41.205000,2020-01-21 00:00:00,None,,,0.025
2020bew,254.41940833333302,58.9360361111111,88.02815623930974,37.53853894770007,19.23,2020-01-28 12:44:58.998000,2020-01-28 12:44:59,None,,,0.0147
2020auo,241.771675,65.6971416666667,98.65630752105785,41.018494930097404,19.3077182769775,2020-01-23 12:48:19.999000,2020-01-25 12:43:16,None,0.025,,0.0241
2020bhw,33.9001666666667,42.11421666666671,139.20232473812348,-18.083064798869405,18.0209865570068,2020-01-19 02:42:31,2020-01-19 02:42:31,None,0.040999999999999995,,0.0501
2020atn,40.448266666666704,37.4105361111111,146.0497123849541,-20.457901103518306,19.2572937011719,2020-01-23 04:13:48,2020-01-23 04:13:48,None,0.04,,0.0505
2020asw,28.2139875,23.605999999999998,140.6530196697478,-37.143195550634694,19.635179519653303,2020-01-16 03:23:17,2020-01-16 03:23:17,None,0.004,,0.0821
2020bhz,17.6808583333333,17.6832722222222,129.4282508400752,-44.94507613880792,18.78,2020-01-29 02:55:07,2020-01-29 02:55:07,None,0.077,,0.0585
2020bht,18.531854166666697,20.272175,130.13122240831285,-42.28218079729708,19.3034439086914,2020-01-26 03:53:26,2020-01-26 03:53:26,None,0.013000000000000001,,0.0487
2020axj,31.894654166666697,22.9401333333333,144.9199898836775,-36.65932630359315,18.8245964050293,2020-01-23 02:25:48,2020-01-23 03:44:03,None,0.011000000000000001,,0.0897
2020azs,143.439969865234,33.0281247629268,192.5644824345904,47.21677400320045,19.7771,2020-01-26 13:55:12,2020-01-26 00:00:00,None,,,0.017
2020azn,141.918519804147,35.5300750311887,188.77915687410618,46.16778961638779,19.8264,2020-01-23 07:16:25,2020-01-26 00:00:00,None,,,0.013000000000000001
10AYSEawc,143.172237866289,31.909768010253803,194.15941810184862,46.86960803106692,19.9741,2020-01-29 11:19:03.335000,2020-01-29 00:00:00,None,,,0.017
2020aqn,187.76794344838902,7.975579259950429,287.8573053791816,70.24896958151976,20.4594,2020-01-22 13:56:30.215000,2020-01-22 00:00:00,None,,,0.018000000000000002
10AYSEawh,187.472020047163,12.1909283784306,283.19504607933237,74.23107853188465,20.215,2020-01-29 13:50:29.420000,2020-01-29 00:00:00,None,,,0.022000000000000002
2020azu,189.393714175798,-3.85090347887906,296.23776157823215,58.840541046166216,20.3164,2020-01-22 14:00:57,2020-01-26 00:00:00,None,,,0.023
2020apb,190.116424309552,-4.45938527037384,297.7221704960085,58.301329929823204,19.3744,2020-01-22 14:00:57,2020-01-22 00:00:00,None,,,0.024
2020azm,197.446107544549,-3.52251415727958,311.8550618085387,59.03100839346171,20.017,2020-01-26 14:07:27.095000,2020-01-26 00:00:00,None,,,0.018000000000000002
2020azt,193.425760080062,-4.441495188503111,304.0102265885002,58.42550984844882,20.0447,2020-01-22 14:02:24,2020-01-26 00:00:00,SN Ia,,0.15,0.02
10AYSEaev,194.713201274353,6.5091893531133405,308.1500977275091,69.30577688080812,19.5372,2020-01-19 14:34:14.515000,2020-01-19 00:00:00,None,,,0.026000000000000002
